-- phpMyAdmin SQL Dump
-- version 4.9.5
-- https://www.phpmyadmin.net/
--
-- Host: localhost:3306
-- Generation Time: Jun 16, 2020 at 09:50 PM
-- Server version: 10.3.23-MariaDB
-- PHP Version: 7.3.6

SET SQL_MODE = "NO_AUTO_VALUE_ON_ZERO";
SET AUTOCOMMIT = 0;
START TRANSACTION;
SET time_zone = "+00:00";


/*!40101 SET @OLD_CHARACTER_SET_CLIENT=@@CHARACTER_SET_CLIENT */;
/*!40101 SET @OLD_CHARACTER_SET_RESULTS=@@CHARACTER_SET_RESULTS */;
/*!40101 SET @OLD_COLLATION_CONNECTION=@@COLLATION_CONNECTION */;
/*!40101 SET NAMES utf8mb4 */;

--
-- Database: `rostamin_db`
--

-- --------------------------------------------------------

--
-- Table structure for table `category`
--

CREATE TABLE `category` (
  `ID` int(11) NOT NULL,
  `catname` varchar(40) COLLATE utf8_unicode_ci NOT NULL
) ENGINE=InnoDB DEFAULT CHARSET=utf8 COLLATE=utf8_unicode_ci;

--
-- Dumping data for table `category`
--

INSERT INTO `category` (`ID`, `catname`) VALUES
(1, 'رینگ اسپرت 13'),
(2, 'رینگ اسپرت 14'),
(3, 'رینگ اسپرت 15'),
(5, 'رینگ اسپرت 16'),
(8, 'رینگ فابریک آهني'),
(10, 'انواع لوازم خودرو'),
(12, 'اسپرت ۱۷و۱۸و۱۹ فابریک');

-- --------------------------------------------------------

--
-- Table structure for table `gallery`
--

CREATE TABLE `gallery` (
  `ID` int(11) NOT NULL,
  `filename` varchar(50) COLLATE utf8_unicode_ci NOT NULL,
  `descr` varchar(200) COLLATE utf8_unicode_ci NOT NULL,
  `category` varchar(100) COLLATE utf8_unicode_ci NOT NULL
) ENGINE=InnoDB DEFAULT CHARSET=utf8 COLLATE=utf8_unicode_ci;

--
-- Dumping data for table `gallery`
--

INSERT INTO `gallery` (`ID`, `filename`, `descr`, `category`) VALUES
(110, 'DSC_0112.jpg', 'پیچ ومهره تمام خودرو سواری .اسپرت', 'انواع لوازم خودرو'),
(122, 'DSC_0111_3629.jpg', 'قالپاق 206 اس دی', 'انواع لوازم خودرو'),
(123, 'DSC_0115_1474.jpg', 'قالپاق 405', 'انواع لوازم خودرو'),
(124, 'DSC_0114_2316.jpg', 'قالپاق پراید  75', 'انواع لوازم خودرو'),
(125, 'DSC_0113_7256.jpg', 'قالپاق پراید  82', 'انواع لوازم خودرو'),
(126, 'DSC_0112_6963.jpg', 'قالپاق ال90  فول', 'انواع لوازم خودرو'),
(127, 'DSC_0119_1156.jpg', 'قالپاق ریو', 'انواع لوازم خودرو'),
(128, 'DSC_0118_7827.jpg', 'قالپاق 405 فرانسه', 'انواع لوازم خودرو'),
(131, 'DSC_0116_3381.jpg', 'قالپاق پراید 74', 'انواع لوازم خودرو'),
(132, 'DSC_0123.jpg', 'قالپاق سمند ای ال ایکس', 'انواع لوازم خودرو'),
(133, 'DSC_0122.jpg', 'قالپاق زانتیا', 'انواع لوازم خودرو'),
(134, 'DSC_0121_5413.jpg', 'قالپاق سمند 15', 'انواع لوازم خودرو'),
(135, 'DSC_0120_6932.jpg', 'قالپاق 206', 'انواع لوازم خودرو'),
(136, 'DSC_0124.jpg', 'قالپاق ال 90  ساده', 'انواع لوازم خودرو'),
(137, 'DSC_0125.jpg', 'قالپاق پرشیا', 'انواع لوازم خودرو'),
(442, 'DSC_0106_2342.JPG', 'صفحه پشت رینگ پراید پژو', 'انواع لوازم خودرو'),
(449, 'IMG_20160501_170714.jpg', 'قالپاق ۱۴۱', 'انواع لوازم خودرو'),
(1081, '1487219356998.jpg', 'فابریک ۱۶مزدا نیو', 'رینگ اسپرت 16'),
(1088, '1487663870219.jpg', 'کرم۱۵پاترول', 'رینگ اسپرت 15'),
(1089, '1487664741437.jpg', 'کرم ۱۴ مزدا', 'رینگ اسپرت 14'),
(1128, '1488625338268.jpg', 'اسپرت۱۶کد۱۸۶', 'رینگ اسپرت 16'),
(1215, '1492258661249.jpg', 'اسپره لاستیک', 'انواع لوازم خودرو'),
(1221, '1492405324751.jpg', '۱۵ کد ۰۰۱', 'رینگ اسپرت 15'),
(1223, '1492405478222.jpg', '۱۴ ۵پر ایرانی کدR77', 'رینگ اسپرت 14'),
(1225, '1492406125617.jpg', 'فابریک کاپرا', 'رینگ اسپرت 15'),
(1229, '1492408716200.jpg', 'اسپرت۱۶کد ۱۱۸۶نقری', 'رینگ اسپرت 16'),
(1232, '1492409507658.jpg', 'اسپرت۱۶کد ۱۱۸۶', 'رینگ اسپرت 16'),
(1235, '1492412877648.jpg', 'فابریک۱۵ ۰۰۴', 'رینگ اسپرت 15'),
(1236, '1492413052246.jpg', 'فابریک ۱۵کدنیر', 'رینگ اسپرت 15'),
(1237, '1492413740349.jpg', 'فابریک ۱۵کدR38', 'رینگ اسپرت 15'),
(1239, '1492414075566.jpg', 'فابریک ۱۵ ۵پر دوشاخ کد ال زد', 'رینگ اسپرت 15'),
(1240, '1492414720269.jpg', 'فابریک ۲۰۷فرانسه', 'رینگ اسپرت 14'),
(1242, '1492416055559.jpg', 'فابریک۱۵ ال۹۰کد ۰۱۵', 'رینگ اسپرت 15'),
(1248, '1492419443429.jpg', 'نوار ۱۶تالش', 'انواع لوازم خودرو'),
(1274, 'IMG_20170417_182232.jpg', 'اسپرت۱۶کد ۱۱۸۹', 'رینگ اسپرت 16'),
(1301, '1492576127002.jpg', 'فابریک۱۵ کد۰۱۶خرچنگی', 'رینگ اسپرت 15'),
(1303, '1492576395644.jpg', '۱۷:۵ خاور ترک', 'رینگ فابریک آهني'),
(1306, '1492577761062.jpg', 'نیسان ۱۷:۵تیوبلس مشهد', 'رینگ فابریک آهني'),
(1307, '1492577910396.jpg', 'نیسان ۱۶تیوبلس مشهد', 'رینگ فابریک آهني'),
(1308, '1492578895722.jpg', '۱۷:۵تیوبلس ترک', 'رینگ فابریک آهني'),
(1309, '1492579125298.jpg', 'نیسان ۱۶شرکتی', 'رینگ فابریک آهني'),
(1310, '1492576749934.jpg', '۱۷:۵فوتون ترک', 'رینگ فابریک آهني'),
(1311, '1492576242729.jpg', '۱۷:۵ایسوزو۶پیچ ترک', 'رینگ فابریک آهني'),
(1314, '1492577016205_6565.jpg', '۱۷:۵ایسوزو۵پیچ ترک', 'رینگ فابریک آهني'),
(1315, '1492581450733.jpg', 'رینگ سمند مشهد', 'رینگ فابریک آهني'),
(1316, '1492581598381.jpg', 'رینگ ۴۰۵ مشهد', 'رینگ فابریک آهني'),
(1317, '1492581725255.jpg', 'رینگ ۲۰۶مشهد', 'رینگ فابریک آهني'),
(1318, '1492581848364.jpg', 'رینگ پراید ۴گوش مشهد', 'رینگ فابریک آهني'),
(1319, '1492582085977.jpg', 'رینگ پیکان گرد مشهد', 'رینگ فابریک آهني'),
(1320, '1492582085977_9482.jpg', 'رینگ پیکان استیل خور مشهد', 'رینگ فابریک آهني'),
(1321, '1492583210224.jpg', 'رینگ پراید گرد مشهد', 'رینگ فابریک آهني'),
(1322, '1492584397026.jpg', 'رینگ مزدا ۱۶۰۰مشهد', 'رینگ فابریک آهني'),
(1323, '1492584746340.jpg', 'رینگ ریو تیبا', 'رینگ فابریک آهني'),
(1326, '1493267564868.jpg', 'نخ تیوبلس بلند کوتا', 'انواع لوازم خودرو'),
(1327, '1493267990856.jpg', 'قفل رینگ پژو پراید', 'انواع لوازم خودرو'),
(1344, '1494046895689.jpg', '۱۵فابزیک۱۱پر ایرانی اروند', 'رینگ اسپرت 15'),
(1354, '1495087184928.jpg', 'سرب۵گرم ترکیه', 'انواع لوازم خودرو'),
(1355, '1495087355933.jpg', 'سرب۱۰ گرم ترکیه', 'انواع لوازم خودرو'),
(1356, '1495087519183.jpg', 'سرب۱۵گرم ترکیه', 'انواع لوازم خودرو'),
(1357, '1495087877579.jpg', 'سرب۱۰۰-۶۵-۳۵*۵ ترکیه', 'انواع لوازم خودرو'),
(1359, '1495100600350.jpg', 'رینگ کالسکه پراید', 'رینگ اسپرت 13'),
(1486, 'IMG_20170717_183136.jpg', 'نیسان ۱۷:۵نقری مشهد', 'رینگ فابریک آهني'),
(1520, 'IMG_20170725_162631.jpg', 'اسپرت۱۳کد ۱۱۸۶', 'رینگ اسپرت 13'),
(1525, 'IMG_20170727_105410.jpg', 'اسپرت۱۳کد ۵۱۳۷', 'رینگ اسپرت 13'),
(1528, '1501298320576.jpg', 'اسپرت۱۴کد ۱۱۴۳', 'رینگ اسپرت 14'),
(1543, '1502187092038.jpg', 'اسپرت۱۶کد ۱۰۵۹', 'رینگ اسپرت 16'),
(1555, 'IMG_20170815_095547.jpg', 'فابریک۱۴کد۰۰۵تیبا', 'رینگ اسپرت 14'),
(1587, '1503395029786_1598.jpg', 'اسپرت۱۵ کد ۱۱۸۶', 'رینگ اسپرت 15'),
(1589, '1503397907472.jpg', 'اسپرت۱۳کد ۱۱۸۶', 'رینگ اسپرت 13'),
(1604, '1503982393601.jpg', 'اسپرت۱۳کد ۱۱۸۷', 'رینگ اسپرت 13'),
(1606, '1504355370677_4083.jpg', 'فابریک ۱۴کد۰۰۹', 'رینگ اسپرت 14'),
(1612, '1504512484737.jpg', 'اسپرت۱۵ کد ۱۱۸۷', 'رینگ اسپرت 15'),
(1652, '1506932440114.jpg', 'اسپرت۱۶کد ۱۰۲۷', 'رینگ اسپرت 16'),
(1676, 'IMG_20171004_183217.jpg', 'فابریک ۱۴کد۰۸۱تیبا', 'رینگ اسپرت 14'),
(1717, 'IMG_20171016_113741.jpg', 'اسپرت۱۳کد ۱۱۸۵', 'رینگ اسپرت 13'),
(1724, 'IMG_20171016_135520.jpg', 'اسپرت۱۶کد ۶۳۱', 'رینگ اسپرت 16'),
(1732, 'IMG_20171022_092801.jpg', 'اسپرت۱۵ کد۱۰۷۰', 'رینگ اسپرت 15'),
(1751, 'IMG_20171028_160830_5631.jpg', 'اسپرت۱۶کد ۵۱۱', 'رینگ اسپرت 16'),
(1763, 'IMG_20171030_095018.jpg', 'اسپرت۱۶کد ۱۰۵۹', 'رینگ اسپرت 16'),
(1774, 'IMG_20171031_092815.jpg', 'اسپرت۱۳کد ۱۱۸۹', 'رینگ اسپرت 13'),
(1775, 'IMG_20171030_173656.jpg', 'اسپرت۱۶کد ۱۰۷۰', 'رینگ اسپرت 16'),
(1776, 'IMG_20171104_084127.jpg', 'اسپرت۱۳کد ۱۳۵۵', 'رینگ اسپرت 13'),
(1780, 'IMG_20171104_084753.jpg', 'اسپرت۱۶کد ۱۰۱۰', 'رینگ اسپرت 16'),
(1787, 'IMG_20171104_183739.jpg', 'اسپرت۱۳کد ۱۱۸۶نقری', 'رینگ اسپرت 13'),
(1790, 'IMG_20171104_091105.jpg', 'اسپرت۱۸کد۱۰۱۴۷', 'اسپرت ۱۷و۱۸و۱۹ فابریک'),
(1792, 'IMG_20171104_095024.jpg', 'فابریک۱۹کد۱۲۳۰', 'اسپرت ۱۷و۱۸و۱۹ فابریک'),
(1793, 'IMG_20171107_091009.jpg', 'اسپرت۱۶کد ۱۰۷۰مشکی', 'رینگ اسپرت 16'),
(1794, 'IMG_20171107_091306.jpg', 'اسپرت۱۶کد ۱۰۰۲', 'رینگ اسپرت 16'),
(1795, 'IMG_20171107_093047.jpg', 'اسپرت۱۶کد ۱۱۳۴طلایی', 'رینگ اسپرت 16'),
(1796, 'IMG_20171107_093659.jpg', 'فابریک ۱۶کد۸۱۳', 'رینگ اسپرت 16'),
(1802, 'IMG_20171107_100141.jpg', 'اسپرت۱۵ کد۱۱۸۵', 'رینگ اسپرت 15'),
(1803, 'IMG_20171104_095018.jpg', 'فابریک۱۹کد۱۰۱۰۹سانتافه', 'اسپرت ۱۷و۱۸و۱۹ فابریک'),
(1804, '1507608793295167059164.jpg', 'فابریک سانتافه۱۹کد۱۲۳۰نقری', 'اسپرت ۱۷و۱۸و۱۹ فابریک'),
(1806, 'IMG_20171108_084431_1394.jpg', 'فابریک ۱۹کد۵۰۰۲سانتافه', 'اسپرت ۱۷و۱۸و۱۹ فابریک'),
(1809, 'IMG_20171113_093809.jpg', 'اسپرت۱۶کد ۱۰۷۹نقری', 'رینگ اسپرت 16'),
(1814, 'IMG_20171113_102322.jpg', 'اسپرت۱۶کد ۵۹۶', 'رینگ اسپرت 16'),
(1822, 'IMG_20171113_125942.jpg', 'فابریک۱۸کد۵۵۳', 'اسپرت ۱۷و۱۸و۱۹ فابریک'),
(1824, 'IMG_20171113_184829_9157.jpg', 'اسپرت۱۶کد ۱۱۳۴برلیانس', 'رینگ اسپرت 16'),
(1825, 'IMG_20171113_185002.jpg', 'اسپرت۱۶کد ۱۷۵برلیانس', 'رینگ اسپرت 16'),
(1838, 'IMG_20171115_112140_9694.jpg', 'فابریک۱۴ کد۴۳۵', 'رینگ اسپرت 14'),
(1839, 'IMG_20171115_112151_1804.jpg', 'فابریک ۱۴کد۴۳۵', 'رینگ اسپرت 14'),
(1840, 'IMG_20171120_135351.jpg', 'اسپرت۱۶کد ۷۰۵', 'رینگ اسپرت 16'),
(1841, 'IMG_20171120_135349.jpg', 'اسپرت۱۶کد ۷۰۵برنز', 'رینگ اسپرت 16'),
(1843, 'IMG_20171120_141741.jpg', 'اسپرت۱۶کد ۵۶۰', 'رینگ اسپرت 16'),
(1847, 'IMG_20171122_083004.jpg', 'فابریک ۱۶دانگفن _پژو', 'رینگ اسپرت 16'),
(1865, 'IMG_20171125_162456.jpg', 'اسپرت۱۵ کد۷۰۵', 'رینگ اسپرت 15'),
(1868, 'IMG_20171129_095856.jpg', 'فابریک ۱۹کد۱۲۷۸هیوندا توسان', 'اسپرت ۱۷و۱۸و۱۹ فابریک'),
(1869, 'IMG_20171129_093334.jpg', 'فابریک ۱۶کد۱۲۷۵ هیوندا', 'رینگ اسپرت 16'),
(1870, 'IMG_20171129_092145.jpg', 'فابریک ۱۶کد۱۲۷۶هیوندا', 'رینگ اسپرت 16'),
(1881, 'IMG_20171213_123833.jpg', 'اسپرت۱۶کد ۱۵۱برنز', 'رینگ اسپرت 16'),
(1883, 'IMG_20171213_124041.jpg', 'اسپرت۱۶کد ۱۵۱روخ تراش', 'رینگ اسپرت 16'),
(1884, 'IMG_20171213_124233.jpg', 'اسپرت۱۵ کد۸۰۷', 'رینگ اسپرت 15'),
(1888, 'IMG_20171213_163313.jpg', 'زنجیر ژله ای المانی', 'انواع لوازم خودرو'),
(1899, 'IMG_20171214_112810.jpg', 'اسپرت۱۶کد ۱۰۹۷', 'رینگ اسپرت 16'),
(1902, 'IMG_20171219_075813.jpg', 'اسپرت۱۶کد ۵۷۲', 'رینگ اسپرت 16'),
(1903, 'IMG_20171219_075816.jpg', 'اسپرت۱۶کد ۱۰۷۹', 'رینگ اسپرت 16'),
(1906, 'IMG_20171220_113049_1.jpg', 'اسپرت۱۵کد ۸۰۱برلیانس', 'رینگ اسپرت 15'),
(1907, 'IMG_20171220_113024_1.jpg', 'اسپرت۱۵کد ۸۰۳برلیانس', 'رینگ اسپرت 15'),
(1911, 'IMG_20171223_180442.jpg', 'اسپرت۱۳کد ۷۲۹', 'رینگ اسپرت 13'),
(1913, 'IMG_20171224_182839.jpg', 'اسپرت۱۵کد ۱۰۷۰', 'رینگ اسپرت 15'),
(1914, 'IMG_20171225_174615.jpg', 'اسپرت۱۵کد ۱۱۹۰', 'رینگ اسپرت 15'),
(1916, 'IMG_20171225_174611.jpg', 'اسپرت۱۵کد۵۱۳۲', 'رینگ اسپرت 15'),
(1918, 'IMG_20171231_092854.jpg', 'فابریک ۱۶ مگان', 'رینگ اسپرت 16'),
(1922, 'IMG_20171231_133713.jpg', 'اسپرت۱۵کد ۴۷', 'رینگ اسپرت 15'),
(1925, 'IMG_20171231_134047.jpg', 'اسپرت۱۴کد ۱۴۷۰', 'رینگ اسپرت 14'),
(1926, 'IMG_20180101_112130.jpg', 'فابریک۱۵کد۴۱۷', 'رینگ اسپرت 15'),
(1927, 'IMG_20180101_140811.jpg', 'اسپرت۱۵کد ۳۹۳', 'رینگ اسپرت 15'),
(1929, 'IMG_20180101_140816.jpg', 'اسپرت۱۵کد ۳۲۳۰', 'رینگ اسپرت 15'),
(1933, 'IMG_20180102_104852.jpg', 'اسپرت۱۳کد ۳۸۵', 'رینگ اسپرت 13'),
(1944, 'IMG_20180102_120432.jpg', 'اسپرت۱۴کد ۳۱۳۶', 'رینگ اسپرت 14'),
(1946, 'IMG_20180102_120426.jpg', 'اسپرت۱۴کد ۳۱۸۵', 'رینگ اسپرت 14'),
(1948, 'IMG_20180102_120430_4222.jpg', 'اسپرت۱۴کد ۳۹۳', 'رینگ اسپرت 14'),
(1949, 'IMG_20180102_120424.jpg', 'اسپرت۱۴کد ۳۱۴۴', 'رینگ اسپرت 14'),
(1950, 'IMG_20180102_120422.jpg', 'اسپرت۱۴کد ۲۷۷۰', 'رینگ اسپرت 14'),
(1952, 'IMG_20180102_120417.jpg', 'اسپرت۱۴کد ۳۱۰۲', 'رینگ اسپرت 14'),
(1953, 'IMG_20180102_120415.jpg', 'اسپرت۱۴کد ۶۲۰۶', 'رینگ اسپرت 14'),
(1955, 'IMG_20180102_120409.jpg', 'اسپرت۱۴کد ۲۴۱', 'رینگ اسپرت 14'),
(1957, 'IMG_20180102_120401.jpg', 'اسپرت۱۴کد ۳۱۰۷', 'رینگ اسپرت 14'),
(1958, 'IMG_20180102_120409_4420.jpg', 'اسپرت۱۵کد ۲۴۱', 'رینگ اسپرت 15'),
(1959, 'IMG_20180102_120424_3085.jpg', 'اسپرت۱۵کد ۳۱۴۴', 'رینگ اسپرت 15'),
(1960, 'IMG_20180102_120405_8514.jpg', 'اسپرت۱۵کد ۳۱۷۸', 'رینگ اسپرت 15'),
(1961, 'IMG_20180102_120426_1703.jpg', 'اسپرت۱۵کد ۳۱۸۵', 'رینگ اسپرت 15'),
(1963, 'IMG_20180102_111321.jpg', 'اسپرت۱۵کد ۳۸۵', 'رینگ اسپرت 15'),
(1964, 'IMG_20180102_120419_7326.jpg', 'اسپرت۱۵کد ۸۳۳', 'رینگ اسپرت 15'),
(1966, 'IMG_20180102_120401_9105.jpg', 'اسپرت۱۵کد ۳۱۰۷', 'رینگ اسپرت 15'),
(1968, 'IMG_20180102_120415_6918.jpg', 'اسپرت۱۵کد ۶۲۰۶', 'رینگ اسپرت 15'),
(1970, 'IMG_20180103_115110.jpg', 'اسپرت۱۵کد ۷۲۳', 'رینگ اسپرت 15'),
(1972, 'IMG_20180103_115107.jpg', 'اسپرت۱۵کد ۸۱۰۴', 'رینگ اسپرت 15'),
(1973, 'IMG_20180103_160016.jpg', 'اسپرت۱۵کد۳۱۴۳', 'رینگ اسپرت 15'),
(1974, 'IMG_20180102_120432_7398.jpg', 'اسپرت۱۶کد ۳۱۸۵', 'رینگ اسپرت 16'),
(1975, 'IMG_20180103_160013.jpg', 'اسپرت۱۶کد ۲۴۱', 'رینگ اسپرت 16'),
(1976, 'IMG_20180103_160010.jpg', 'اسپرت۱۶کد ۳۱۴۴', 'رینگ اسپرت 16'),
(1977, 'IMG_20180103_160008.jpg', 'اسپرت۱۶کد ۶۲۰۶', 'رینگ اسپرت 16'),
(1983, 'IMG_20180116_135213.jpg', 'اسپرت۱۳کد ۸۷۰', 'رینگ اسپرت 13'),
(1984, 'IMG_20180116_135215.jpg', 'اسپرت۱۳کد ۱۳۰۰', 'رینگ اسپرت 13'),
(1985, 'IMG_20180116_135217.jpg', 'اسپرت۱۳کد ۳۱۷۸', 'رینگ اسپرت 13'),
(1986, 'IMG_20180116_135219.jpg', 'اسپرت۱۳کد ۱۱۲۲', 'رینگ اسپرت 13'),
(1987, 'IMG_20180116_135221.jpg', 'اسپرت۱۳کد ۹۸۶', 'رینگ اسپرت 13'),
(1988, 'IMG_20180116_135223.jpg', 'اسپرت۱۳کد ۱۰۰۰', 'رینگ اسپرت 13'),
(1989, 'IMG_20180116_135226.jpg', 'اسپرت ۱۳کد۱۳۵۳', 'رینگ اسپرت 13'),
(1990, 'IMG_20180116_135229.jpg', 'اسپرت۱۳کد ۵۱۳۲', 'رینگ اسپرت 13'),
(1992, 'IMG_20180116_172250.jpg', 'اسپرت۱۳کد ۱۳۲', 'رینگ اسپرت 13'),
(1994, 'IMG_20180116_172941.jpg', 'اسپرت۱۶کد ۱۷۷_۱۷۵', 'رینگ اسپرت 16'),
(1995, 'IMG_20180116_173950.jpg', 'اسپرت۱۴کد ۴۳۵', 'رینگ اسپرت 14'),
(1996, 'IMG_20171231_133713_4901.jpg', 'اسپرت۱۴کد ۴۷', 'رینگ اسپرت 14'),
(1997, 'IMG_20180116_172459.jpg', 'اسپرت۱۴کد ۱۱۳۴', 'رینگ اسپرت 14'),
(1998, 'IMG_20180120_173650.jpg', 'اسپرت۱۶کد ۱۷۷_۱۷۵', 'رینگ اسپرت 16'),
(1999, 'IMG_20180120_174153.jpg', 'اسپرت۱۳کد ۹۷۷', 'رینگ اسپرت 13'),
(2000, 'IMG_20180122_182556.jpg', 'اسپرت۱۳کد ۸۷۰', 'رینگ اسپرت 13');

-- --------------------------------------------------------

--
-- Table structure for table `groups`
--

CREATE TABLE `groups` (
  `ID` int(11) NOT NULL,
  `Name` varchar(40) COLLATE utf8_unicode_ci NOT NULL,
  `LogoPath` varchar(100) COLLATE utf8_unicode_ci NOT NULL
) ENGINE=InnoDB DEFAULT CHARSET=utf8 COLLATE=utf8_unicode_ci;

--
-- Dumping data for table `groups`
--

INSERT INTO `groups` (`ID`, `Name`, `LogoPath`) VALUES
(1, 'رینگ اسپرت 13', '13inch.png'),
(2, 'رینگ اسپرت 14', '14inch.png'),
(3, 'رینگ اسپرت 15', '15inch.png'),
(4, 'رینگ اسپرت 16', '16inch.png'),
(5, 'اسپرت 17و18و19 فابریک', '17pinch.png'),
(6, 'لوازم خودرو', ''),
(7, 'رینگ فابریک آهنی', ''),
(8, 'قالپاق چرخ', '');

-- --------------------------------------------------------

--
-- Table structure for table `images`
--

CREATE TABLE `images` (
  `ID` int(11) NOT NULL,
  `Active` tinyint(1) NOT NULL,
  `ProductID` int(11) NOT NULL,
  `FilePath` varchar(100) COLLATE utf8_unicode_ci NOT NULL,
  `IsCover` tinyint(1) NOT NULL
) ENGINE=InnoDB DEFAULT CHARSET=utf8 COLLATE=utf8_unicode_ci;

--
-- Dumping data for table `images`
--

INSERT INTO `images` (`ID`, `Active`, `ProductID`, `FilePath`, `IsCover`) VALUES
(2, 1, 2, 'DSC_0111_3629.jpg', 0),
(3, 1, 3, 'DSC_0115_1474.jpg', 0),
(4, 1, 4, 'DSC_0114_2316.jpg', 0),
(5, 1, 5, 'DSC_0113_7256.jpg', 0),
(6, 1, 6, 'DSC_0112_6963.jpg', 0),
(7, 1, 7, 'DSC_0119_1156.jpg', 0),
(8, 1, 8, 'DSC_0118_7827.jpg', 0),
(9, 1, 9, 'DSC_0116_3381.jpg', 0),
(10, 1, 10, 'DSC_0123.jpg', 0),
(11, 1, 11, 'DSC_0122.jpg', 0),
(12, 1, 12, 'DSC_0121_5413.jpg', 0),
(13, 1, 13, 'DSC_0120_6932.jpg', 0),
(14, 1, 14, 'DSC_0124.jpg', 0),
(15, 1, 15, 'DSC_0125.jpg', 0),
(16, 1, 16, 'DSC_0106_2342.JPG', 0),
(17, 1, 17, 'IMG_20160501_170714.jpg', 0),
(18, 1, 18, '1487219356998.jpg', 0),
(23, 1, 23, '1492405324751.jpg', 0),
(24, 1, 24, '1492405478222.jpg', 0),
(25, 1, 25, '1492406125617.jpg', 0),
(29, 1, 29, '1492413052246.jpg', 0),
(30, 1, 30, '1492413740349.jpg', 0),
(31, 1, 31, '1492414075566.jpg', 0),
(32, 1, 32, '1492414720269.jpg', 0),
(33, 1, 33, '1492416055559.jpg', 0),
(36, 1, 36, '1492576127002.jpg', 0),
(38, 1, 38, '1492577761062.jpg', 0),
(39, 1, 39, '1492577910396.jpg', 0),
(41, 1, 41, '1492579125298.jpg', 0),
(42, 1, 42, '1492576749934.jpg', 0),
(44, 1, 44, '1492577016205_6565.jpg', 0),
(45, 1, 45, '1492581450733.jpg', 0),
(46, 1, 46, '1492581598381.jpg', 0),
(47, 1, 47, '1492581725255.jpg', 0),
(48, 1, 48, '1492581848364.jpg', 0),
(49, 1, 49, '1492582085977.jpg', 0),
(51, 1, 51, '1492583210224.jpg', 0),
(52, 1, 52, '1492584397026.jpg', 0),
(53, 1, 53, '1492584746340.jpg', 0),
(55, 1, 55, '1493267990856.jpg', 0),
(59, 1, 59, '1495087519183.jpg', 1),
(60, 1, 60, '1495087877579.jpg', 1),
(61, 1, 61, '1495100600350.jpg', 0),
(62, 1, 62, 'IMG_20170717_183136.jpg', 0),
(67, 1, 67, 'IMG_20170815_095547.jpg', 1),
(81, 1, 81, 'IMG_20171030_173656.jpg', 1),
(105, 1, 105, 'IMG_20171122_083004.jpg', 1),
(106, 1, 106, 'IMG_20171125_162456.jpg', 1),
(108, 1, 108, 'IMG_20171129_093334.jpg', 1),
(109, 1, 109, 'IMG_20171129_092145.jpg', 1),
(110, 1, 110, 'IMG_20171213_123833.jpg', 1),
(111, 1, 111, 'IMG_20171213_124041.jpg', 1),
(112, 1, 112, 'IMG_20171213_124233.jpg', 1),
(113, 1, 113, 'IMG_20171213_163313.jpg', 0),
(116, 1, 116, 'IMG_20171219_075816.jpg', 1),
(117, 1, 117, 'IMG_20171220_113049_1.jpg', 1),
(118, 1, 118, 'IMG_20171220_113024_1.jpg', 1),
(120, 1, 120, 'IMG_20171224_182839.jpg', 1),
(121, 1, 121, 'IMG_20171225_174615.jpg', 1),
(122, 1, 122, 'IMG_20171225_174611.jpg', 1),
(123, 1, 123, 'IMG_20171231_092854.jpg', 1),
(125, 1, 125, 'IMG_20171231_134047.jpg', 1),
(126, 1, 126, 'IMG_20180101_112130.jpg', 1),
(127, 1, 127, 'IMG_20180101_140811.jpg', 1),
(128, 1, 128, 'IMG_20180101_140816.jpg', 1),
(129, 1, 129, 'IMG_20180102_104852.jpg', 1),
(130, 1, 130, 'IMG_20180102_120432.jpg', 1),
(131, 1, 131, 'IMG_20180102_120426.jpg', 1),
(132, 1, 132, 'IMG_20180102_120430_4222.jpg', 1),
(133, 1, 133, 'IMG_20180102_120424.jpg', 1),
(134, 1, 134, 'IMG_20180102_120422.jpg', 1),
(135, 1, 135, 'IMG_20180102_120417.jpg', 1),
(136, 1, 136, 'IMG_20180102_120415.jpg', 1),
(137, 1, 137, 'IMG_20180102_120409.jpg', 1),
(138, 1, 138, 'IMG_20180102_120401.jpg', 1),
(139, 1, 139, 'IMG_20180102_120409_4420.jpg', 1),
(140, 1, 140, 'IMG_20180102_120424_3085.jpg', 1),
(141, 1, 141, 'IMG_20180102_120405_8514.jpg', 1),
(142, 1, 142, 'IMG_20180102_120426_1703.jpg', 1),
(143, 1, 143, 'IMG_20180102_111321.jpg', 1),
(144, 1, 144, 'IMG_20180102_120419_7326.jpg', 1),
(145, 1, 145, 'IMG_20180102_120401_9105.jpg', 1),
(146, 1, 146, 'IMG_20180102_120415_6918.jpg', 1),
(147, 1, 147, 'IMG_20180103_115110.jpg', 1),
(148, 1, 148, 'IMG_20180103_115107.jpg', 1),
(149, 1, 149, 'IMG_20180103_160016.jpg', 1),
(150, 1, 150, 'IMG_20180102_120432_7398.jpg', 1),
(151, 1, 151, 'IMG_20180103_160013.jpg', 1),
(152, 1, 152, 'IMG_20180103_160010.jpg', 1),
(153, 1, 153, 'IMG_20180103_160008.jpg', 1),
(154, 1, 154, 'IMG_20180116_135213.jpg', 1),
(155, 1, 155, 'IMG_20180116_135215.jpg', 1),
(156, 1, 156, 'IMG_20180116_135217.jpg', 1),
(158, 1, 158, 'IMG_20180116_135221.jpg', 1),
(159, 1, 159, 'IMG_20180116_135223.jpg', 1),
(160, 1, 160, 'IMG_20180116_135226.jpg', 1),
(161, 1, 161, 'IMG_20180116_135229.jpg', 1),
(162, 1, 162, 'IMG_20180116_172250.jpg', 1),
(163, 1, 163, 'IMG_20180116_172941.jpg', 1),
(164, 1, 164, 'IMG_20180116_173950.jpg', 1),
(166, 1, 166, 'IMG_20180116_172459.jpg', 1),
(172, 1, 2, '2_20180121_100040.jpg', 1),
(173, 1, 3, '3_20180121_101603.jpg', 1),
(174, 1, 4, '4_20180121_104148.jpg', 1),
(175, 1, 5, '5_20180121_111003.jpg', 1),
(176, 1, 6, '6_20180121_111036.jpg', 1),
(177, 1, 7, '7_20180121_111128.jpg', 1),
(179, 1, 9, '9_20180121_120837.jpg', 1),
(180, 1, 11, '11_20180121_123743.jpg', 1),
(181, 1, 12, '12_20180121_123907.jpg', 1),
(182, 1, 13, '13_20180121_124025.jpg', 1),
(183, 1, 14, '14_20180121_124152.jpg', 1),
(184, 1, 15, '15_20180121_124436.jpg', 1),
(185, 1, 10, '10_20180121_143720.jpg', 1),
(186, 1, 169, '169_20180121_154703.jpg', 1),
(187, 1, 8, '8_20180124_090957.jpg', 0),
(188, 1, 61, '61_20180124_094038.jpg', 1),
(191, 1, 16, '16_20180124_100808.jpg', 0),
(192, 1, 17, '17_20180124_101045.jpg', 1),
(193, 1, 18, '18_20180124_101243.jpg', 1),
(195, 1, 19, '19_20180124_101524.jpg', 1),
(199, 1, 23, '23_20180124_102844.jpg', 1),
(200, 1, 24, '24_20180124_102900.jpg', 1),
(201, 1, 25, '25_20180124_103425.jpg', 1),
(204, 1, 28, '28_20180124_103524.jpg', 1),
(205, 1, 29, '29_20180124_103539.jpg', 1),
(206, 1, 30, '30_20180124_105805.jpg', 1),
(207, 1, 31, '31_20180124_105827.jpg', 1),
(208, 1, 32, '32_20180124_105839.jpg', 1),
(209, 1, 33, '33_20180124_105928.jpg', 1),
(211, 1, 36, '36_20180124_110031.jpg', 1),
(213, 1, 38, '38_20180124_110104.jpg', 1),
(214, 1, 39, '39_20180124_110119.jpg', 1),
(215, 1, 40, '40_20180124_110133.jpg', 1),
(216, 1, 41, '41_20180124_110149.jpg', 1),
(217, 1, 42, '42_20180124_110234.jpg', 1),
(218, 1, 43, '43_20180124_110257.jpg', 1),
(219, 1, 37, '37_20180124_110346.jpg', 1),
(220, 1, 44, '44_20180124_110439.jpg', 1),
(221, 1, 45, '45_20180124_110505.jpg', 1),
(222, 1, 46, '46_20180124_110654.jpg', 1),
(223, 1, 47, '47_20180124_110711.jpg', 1),
(224, 1, 48, '48_20180124_110728.jpg', 1),
(225, 1, 49, '49_20180124_110807.jpg', 1),
(227, 1, 51, '51_20180124_110858.jpg', 1),
(228, 1, 52, '52_20180124_110919.jpg', 1),
(229, 1, 53, '53_20180124_110935.jpg', 1),
(230, 1, 62, '62_20180124_111254.jpg', 1),
(231, 1, 1, '1_20180124_111728.jpg', 0),
(236, 1, 54, '54_20180124_163037.jpg', 1),
(237, 1, 54, '54_20180124_163626.jpg', 0),
(238, 1, 54, '54_20180124_163652.jpg', 0),
(239, 1, 54, '54_20180124_164528.jpg', 0),
(240, 1, 54, '54_20180124_164627.jpg', 0),
(241, 1, 8, '8_20180127_115229.jpg', 1),
(242, 1, 171, '171_20180127_115515.jpg', 1),
(243, 1, 172, '172_20180127_115642.jpg', 1),
(244, 1, 173, '173_20180127_115714.jpg', 1),
(245, 1, 174, '174_20180127_115744.jpg', 1),
(246, 1, 175, '175_20180127_115818.jpg', 1),
(247, 1, 176, '176_20180127_115940.jpg', 1),
(248, 1, 177, '177_20180127_120015.jpg', 1),
(249, 1, 178, '178_20180127_120100.jpg', 1),
(250, 1, 179, '179_20180127_120148.jpg', 1),
(251, 1, 180, '180_20180127_120220.jpg', 1),
(252, 1, 181, '181_20180127_120252.jpg', 1),
(253, 1, 182, '182_20180127_120331.jpg', 1),
(254, 1, 183, '183_20180127_120504.jpg', 1),
(255, 1, 184, '184_20180127_120536.jpg', 1),
(256, 1, 185, '185_20180127_123454.jpg', 1),
(257, 1, 186, '186_20180127_123557.jpg', 1),
(258, 1, 187, '187_20180127_123645.jpg', 1),
(259, 1, 188, '188_20180127_123728.jpg', 1),
(260, 1, 189, '189_20180127_132128.jpg', 1),
(261, 1, 190, '190_20180127_132202.jpg', 1),
(262, 1, 191, '191_20180127_132847.jpg', 1),
(263, 1, 192, '192_20180127_132924.jpg', 1),
(264, 1, 193, '193_20180127_133015.jpg', 1),
(265, 1, 194, '194_20180127_133101.jpg', 1),
(266, 1, 196, '196_20180127_133202.jpg', 1),
(267, 1, 197, '197_20180127_133235.jpg', 1),
(268, 1, 198, '198_20180127_133327.jpg', 1),
(269, 1, 195, '195_20180127_133419.jpg', 1),
(270, 1, 16, '16_20180127_133602.jpg', 1),
(271, 1, 199, '199_20180127_133701.jpg', 1),
(272, 1, 200, '200_20180127_133742.jpg', 1),
(273, 1, 113, '113_20180127_140157.jpg', 1),
(274, 1, 113, '113_20180127_153332.jpg', 0),
(275, 1, 113, '113_20180127_153536.jpg', 0),
(276, 1, 113, '113_20180127_153813.jpg', 0),
(277, 1, 113, '113_20180127_153842.jpg', 0),
(278, 1, 113, '113_20180127_153913.jpg', 0),
(279, 1, 113, '113_20180127_153940.jpg', 0),
(280, 1, 54, '54_20180127_154101.jpg', 0),
(281, 1, 170, '170_20180127_154321.jpg', 1),
(282, 1, 55, '55_20180127_154447.jpg', 1),
(283, 1, 55, '55_20180127_154619.jpg', 0),
(284, 1, 1, '1_20180127_154757.jpg', 1),
(285, 1, 203, '203_20180127_155029.jpg', 1),
(286, 1, 202, '202_20180127_155057.jpg', 1),
(287, 1, 201, '201_20180127_155114.jpg', 1),
(288, 1, 204, '204_20180127_155208.jpg', 1),
(289, 1, 205, '205_20180127_155314.jpg', 1),
(290, 1, 206, '206_20180127_163011.jpg', 1),
(291, 1, 207, '207_20180127_180913.jpg', 1),
(292, 1, 208, '208_20180204_094146.jpg', 1),
(294, 1, 213, '213_20180217_142319.jpg', 1),
(295, 1, 214, '214_20180218_093304.jpg', 1),
(296, 1, 215, '215_20180218_093723.jpg', 1),
(297, 1, 216, '216_20180218_100349.jpg', 1),
(298, 1, 217, '217_20180218_100559.jpg', 1),
(299, 1, 218, '218_20180218_103153.jpg', 1),
(300, 1, 218, '218_20180218_103838.jpg', 0),
(301, 1, 219, '219_20180218_104308.jpg', 1),
(302, 1, 220, '220_20180218_104757.jpg', 1),
(303, 1, 221, '221_20180218_105159.jpg', 1),
(304, 1, 222, '222_20180218_105903.jpg', 1),
(305, 1, 224, '224_20180218_172815.jpg', 1),
(306, 1, 225, '225_20180221_181207.jpg', 1),
(307, 1, 226, '226_20180221_181328.jpg', 1),
(309, 1, 228, '228_20180303_083113.jpg', 1),
(313, 1, 232, '232_20180303_174059.jpg', 1),
(319, 1, 236, '236_20180403_093632.jpg', 1),
(325, 1, 242, '242_20180403_094316.jpg', 1),
(335, 1, 252, '252_20180403_100222.jpg', 1),
(337, 1, 254, '254_20180403_100856.jpg', 1),
(340, 1, 257, '257_20180403_101319.jpg', 1),
(344, 1, 261, '261_20180403_101755.jpg', 1),
(346, 1, 263, '263_20180403_102014.jpg', 1),
(347, 1, 264, '264_20180403_103300.jpg', 1),
(363, 1, 280, '280_20180411_101948.jpg', 1),
(373, 1, 292, '292_20180509_134117.jpg', 1),
(374, 1, 293, '293_20180509_134559.jpg', 1),
(384, 1, 294, '294_20180509_184504.jpg', 1),
(385, 1, 250, '250_20180510_114811.jpg', 1),
(386, 1, 249, '249_20180510_115252.jpg', 1),
(389, 1, 246, '246_20180510_124921.jpg', 1),
(390, 1, 246, '246_20180510_124930.jpg', 0),
(391, 1, 245, '245_20180510_132153.jpg', 1),
(392, 1, 244, '244_20180510_132633.jpg', 1),
(395, 1, 240, '240_20180510_134201.jpg', 1),
(398, 1, 235, '235_20180512_114937.jpg', 1),
(399, 1, 234, '234_20180512_115353.jpg', 1),
(400, 1, 233, '233_20180512_122707.jpg', 1),
(403, 1, 288, '288_20180512_123255.jpg', 1),
(405, 1, 231, '231_20180512_131315.jpg', 1),
(406, 1, 229, '229_20180512_131607.jpg', 1),
(407, 1, 275, '275_20180513_150850.jpg', 1),
(409, 1, 289, '289_20180514_114326.jpg', 1),
(410, 1, 253, '253_20180514_115539.jpg', 1),
(412, 1, 251, '251_20180514_120057.jpg', 1),
(415, 1, 115, '115_20180514_130441.jpg', 1),
(417, 1, 243, '243_20180515_090255.jpg', 1),
(418, 1, 21, '21_20180515_102508.jpg', 1),
(419, 1, 241, '241_20180515_111015.jpg', 1),
(420, 1, 238, '238_20180515_111844.jpg', 1),
(421, 1, 237, '237_20180515_112106.jpg', 1),
(422, 1, 230, '230_20180515_112501.jpg', 1),
(423, 1, 227, '227_20180515_112644.jpg', 1),
(427, 1, 124, '124_20180516_141847.jpg', 1),
(428, 1, 165, '165_20180516_142232.jpg', 1),
(432, 1, 63, '63_20180520_171515.jpg', 1),
(442, 1, 103, '103_20180522_170858.jpg', 1),
(443, 1, 157, '157_20180522_171710.jpg', 1),
(444, 1, 247, '247_20180522_172013.jpg', 1),
(445, 1, 167, '167_20180523_091828.jpg', 1),
(448, 1, 82, '82_20180523_100429.jpg', 1),
(454, 1, 71, '71_20180528_170754.jpg', 1),
(455, 1, 168, '168_20180530_123038.jpg', 1),
(456, 1, 274, '274_20180620_150830.jpg', 1),
(457, 1, 295, '295_20180624_181959.jpg', 1),
(461, 1, 281, '281_20180718_133327.jpg', 1),
(465, 1, 20, '20_20180731_111541.jpg', 1),
(467, 1, 22, '22_20180908_105337.jpg', 1),
(468, 1, 26, '26_20180908_105444.jpg', 1),
(471, 1, 57, '57_20180915_103155.jpg', 1),
(472, 1, 64, '64_20180915_103322.jpg', 1),
(473, 1, 65, '65_20180915_103459.jpg', 1),
(474, 1, 66, '66_20180915_103623.jpg', 1),
(475, 1, 68, '68_20180915_104130.jpg', 1),
(477, 1, 73, '73_20180915_110109.jpg', 1),
(478, 1, 70, '70_20180915_110245.jpg', 1),
(479, 1, 69, '69_20180915_110353.jpg', 1),
(480, 1, 75, '75_20180915_110943.jpg', 1),
(481, 1, 74, '74_20180915_111115.jpg', 1),
(484, 1, 72, '72_20180915_111534.jpg', 1),
(485, 1, 87, '87_20180915_130129.jpg', 1),
(486, 1, 83, '83_20180915_130234.jpg', 1),
(487, 1, 89, '89_20180915_130421.jpg', 1),
(488, 1, 80, '80_20180915_130615.jpg', 1),
(489, 1, 86, '86_20180915_133435.jpg', 1),
(490, 1, 84, '84_20180915_133519.jpg', 1),
(491, 1, 85, '85_20180915_133719.jpg', 1),
(492, 1, 76, '76_20180915_133909.jpg', 1),
(493, 1, 77, '77_20180915_134042.jpg', 1),
(494, 1, 95, '95_20180915_141737.jpg', 1),
(495, 1, 91, '91_20180915_141907.jpg', 1),
(496, 1, 97, '97_20180915_163900.jpg', 1),
(497, 1, 90, '90_20180915_164154.jpg', 1),
(498, 1, 93, '93_20180915_164848.jpg', 1),
(499, 1, 114, '114_20180915_173749.jpg', 1),
(500, 1, 96, '96_20180916_090817.jpg', 1),
(501, 1, 102, '102_20180917_124011.jpg', 1),
(502, 1, 99, '99_20180917_124123.jpg', 1),
(503, 1, 107, '107_20180917_125008.jpg', 1),
(504, 1, 101, '101_20180917_144043.jpg', 1),
(505, 1, 98, '98_20180917_144223.jpg', 1),
(506, 1, 291, '291_20181009_085523.jpg', 1),
(507, 1, 290, '290_20181009_085755.jpg', 1),
(508, 1, 287, '287_20181009_085913.jpg', 1),
(509, 1, 286, '286_20181009_090115.jpg', 1),
(510, 1, 284, '284_20181009_090706.jpg', 1),
(511, 1, 283, '283_20181009_090923.jpg', 1),
(512, 1, 282, '282_20181009_093006.jpg', 1),
(513, 1, 279, '279_20181009_153401.jpg', 1),
(514, 1, 277, '277_20181009_153534.jpg', 1),
(515, 1, 276, '276_20181009_153644.jpg', 1),
(516, 1, 273, '273_20181010_143454.jpg', 1),
(517, 1, 272, '272_20181010_152935.jpg', 1),
(518, 1, 270, '270_20181010_153040.jpg', 1),
(519, 1, 271, '271_20181011_091224.jpg', 1),
(520, 1, 269, '269_20181011_091418.jpg', 1),
(521, 1, 268, '268_20181011_092741.jpg', 1),
(522, 1, 266, '266_20181013_115124.jpg', 1),
(523, 1, 278, '278_20181013_150720.jpg', 1),
(524, 1, 267, '267_20181017_173012.jpg', 1),
(525, 1, 50, '50_20181022_124911.jpg', 1),
(526, 1, 239, '239_20181027_130022.jpg', 1),
(529, 1, 35, '35_20181029_164758.jpg', 1),
(530, 1, 119, '119_20181031_111840.jpg', 1),
(531, 1, 259, '259_20181031_112035.jpg', 1),
(532, 1, 255, '255_20181031_112334.jpg', 1),
(533, 1, 255, '255_20181031_112344.jpg', 0),
(535, 1, 27, '27_20181031_172728.jpg', 1),
(537, 1, 265, '265_20181031_173326.jpg', 1),
(539, 1, 262, '262_20181031_173459.jpg', 1),
(542, 1, 248, '248_20181031_174413.jpg', 1),
(543, 1, 260, '260_20181031_174601.jpg', 1),
(544, 1, 258, '258_20181031_175143.jpg', 1),
(545, 1, 256, '256_20181031_175448.jpg', 1),
(546, 1, 297, '297_20181205_182539.jpg', 1),
(548, 1, 298, '298_20181205_182741.jpg', 1),
(549, 1, 299, '299_20181211_152419.jpg', 1),
(550, 1, 300, '300_20181211_153103.jpg', 1),
(551, 1, 301, '301_20181211_154543.jpg', 1),
(553, 1, 302, '302_20181211_155138.jpg', 1),
(554, 1, 303, '303_20181211_155352.jpg', 1),
(555, 1, 304, '304_20181211_155451.jpg', 1),
(556, 1, 305, '305_20181211_155606.jpg', 1),
(557, 1, 306, '306_20181211_155726.jpg', 1),
(558, 1, 307, '307_20181217_122902.jpg', 1),
(560, 1, 310, '310_20181227_074433.jpg', 1),
(561, 1, 311, '311_20181227_074514.jpg', 1),
(562, 1, 312, '312_20181227_074552.jpg', 1),
(563, 1, 313, '313_20181227_074620.jpg', 1),
(564, 1, 315, '315_20181227_074753.jpg', 1),
(565, 1, 316, '316_20181227_074823.jpg', 1),
(566, 1, 318, '318_20181227_074933.jpg', 1),
(567, 1, 333, '333_20181227_075131.jpg', 1),
(569, 1, 335, '335_20181227_075349.jpg', 1),
(571, 1, 309, '309_20181227_135135.jpg', 1),
(572, 1, 317, '317_20181227_135211.jpg', 1),
(573, 1, 319, '319_20181227_135316.jpg', 1),
(574, 1, 320, '320_20181227_135350.jpg', 1),
(575, 1, 322, '322_20181227_135527.jpg', 1),
(576, 1, 324, '324_20181227_135623.jpg', 1),
(577, 1, 326, '326_20181227_135742.jpg', 1),
(579, 1, 331, '331_20181230_075446.jpg', 1),
(580, 1, 332, '332_20181230_075541.jpg', 1),
(581, 1, 330, '330_20181230_075643.jpg', 1),
(582, 1, 329, '329_20181230_075715.jpg', 1),
(583, 1, 328, '328_20181230_075744.jpg', 1),
(584, 1, 327, '327_20181230_075828.jpg', 1),
(585, 1, 323, '323_20181230_075901.jpg', 1),
(586, 1, 321, '321_20181230_075934.jpg', 1),
(587, 1, 337, '337_20190103_124117.jpg', 1),
(588, 1, 338, '338_20190105_101555.jpg', 1),
(589, 1, 339, '339_20190105_102413.jpg', 1),
(590, 1, 340, '340_20190105_102444.jpg', 1),
(591, 1, 341, '341_20190105_102535.jpg', 1),
(592, 1, 342, '342_20190105_102621.jpg', 1),
(593, 1, 343, '343_20190112_145235.jpg', 1),
(594, 1, 344, '344_20190112_145344.jpg', 1),
(595, 1, 345, '345_20190112_145515.jpg', 1),
(596, 1, 346, '346_20190112_145622.jpg', 1),
(597, 1, 347, '347_20190113_173500.jpg', 1),
(598, 1, 348, '348_20190113_173628.jpg', 1),
(599, 1, 349, '349_20190113_173854.jpg', 1),
(600, 1, 350, '350_20190204_180736.jpg', 1),
(601, 1, 351, '351_20190204_180834.jpg', 1),
(602, 1, 352, '352_20190204_180941.jpg', 1),
(603, 1, 353, '353_20190204_181131.jpg', 1),
(604, 1, 354, '354_20190204_181255.jpg', 1),
(605, 1, 355, '355_20190204_181404.jpg', 1),
(606, 1, 356, '356_20190204_181457.jpg', 1),
(607, 1, 357, '357_20190204_181550.jpg', 1),
(608, 1, 358, '358_20190206_120319.jpg', 1),
(609, 1, 359, '359_20190206_121109.jpg', 1),
(610, 1, 360, '360_20190206_121608.jpg', 1),
(611, 1, 361, '361_20190206_121736.jpg', 1),
(613, 1, 363, '363_20190213_181132.jpg', 1),
(614, 1, 364, '364_20190213_181302.jpg', 1),
(616, 1, 366, '366_20190305_165614.jpg', 1),
(618, 1, 367, '367_20190305_172616.jpg', 1),
(619, 1, 368, '368_20190305_172720.jpg', 1),
(620, 1, 369, '369_20190305_172810.jpg', 1),
(622, 1, 370, '370_20190305_173108.jpg', 1),
(623, 1, 371, '371_20190305_173138.jpg', 1),
(624, 1, 372, '372_20190305_173207.jpg', 1),
(625, 1, 373, '373_20190305_173235.jpg', 1),
(626, 1, 374, '374_20190305_173747.jpg', 1),
(627, 1, 375, '375_20190305_173910.jpg', 1),
(629, 1, 376, '376_20190305_182700.jpg', 1),
(630, 1, 377, '377_20190305_182735.jpg', 1),
(631, 1, 378, '378_20190305_182837.jpg', 1),
(632, 1, 285, '285_20190309_145958.jpg', 1),
(633, 1, 379, '379_20190309_150105.jpg', 1),
(634, 1, 380, '380_20190309_190928.jpg', 1),
(635, 1, 381, '381_20190309_191110.jpg', 1),
(636, 1, 382, '382_20190309_191145.jpg', 1),
(637, 1, 383, '383_20190309_191313.jpg', 1),
(638, 1, 384, '384_20190309_191349.jpg', 1),
(639, 1, 385, '385_20190309_191438.jpg', 1),
(640, 1, 34, '34_20190312_095114.jpg', 1),
(641, 1, 386, '386_20190313_184109.jpg', 1),
(642, 1, 387, '387_20190313_184154.jpg', 1),
(643, 1, 388, '388_20190313_184518.jpg', 1),
(644, 1, 389, '389_20190313_184857.jpg', 1),
(645, 1, 390, '390_20190313_184940.jpg', 1),
(646, 1, 391, '391_20190313_185020.jpg', 1),
(647, 1, 392, '392_20190313_185118.jpg', 1),
(648, 1, 393, '393_20190313_185157.jpg', 1),
(649, 1, 394, '394_20190313_185232.jpg', 1),
(650, 1, 395, '395_20190313_185313.jpg', 1),
(651, 1, 396, '396_20190313_185516.jpg', 1),
(652, 1, 397, '397_20190313_185609.jpg', 1),
(653, 1, 398, '398_20190313_185701.jpg', 1),
(654, 1, 399, '399_20190313_185732.jpg', 1),
(655, 1, 400, '400_20190313_185806.jpg', 1),
(656, 1, 401, '401_20190410_181712.jpg', 1),
(657, 1, 402, '402_20190410_182632.jpg', 1),
(658, 1, 403, '403_20190410_182714.jpg', 1),
(659, 1, 404, '404_20190410_182755.jpg', 1),
(660, 1, 405, '405_20190410_182838.jpg', 1),
(661, 1, 406, '406_20190410_183637.jpg', 1),
(662, 1, 407, '407_20190413_162501.jpg', 1),
(663, 1, 408, '408_20190413_162616.jpg', 1),
(664, 1, 409, '409_20190413_162653.jpg', 1),
(665, 1, 410, '410_20190413_162741.jpg', 1),
(666, 1, 411, '411_20190413_162834.jpg', 1),
(667, 1, 412, '412_20190413_163017.jpg', 1),
(668, 1, 413, '413_20190413_163103.jpg', 1),
(669, 1, 414, '414_20190413_163159.jpg', 1),
(670, 1, 415, '415_20190413_163424.jpg', 1),
(671, 1, 416, '416_20190413_163509.jpg', 1),
(672, 1, 417, '417_20190413_163616.jpg', 1),
(673, 1, 418, '418_20190413_163709.jpg', 1),
(674, 1, 419, '419_20190413_163958.jpg', 1),
(675, 1, 420, '420_20190428_163137.jpg', 1),
(676, 1, 421, '421_20190428_163251.jpg', 1),
(677, 1, 422, '422_20190428_163556.jpg', 1),
(678, 1, 423, '423_20190505_165854.jpg', 1),
(679, 1, 424, '424_20190505_170007.jpg', 1),
(680, 1, 425, '425_20190505_170105.jpg', 1),
(681, 1, 426, '426_20190505_170519.jpg', 1),
(682, 1, 427, '427_20190505_170629.jpg', 1),
(683, 1, 428, '428_20190505_170805.jpg', 1),
(684, 1, 429, '429_20190505_171002.jpg', 1),
(685, 1, 430, '430_20190505_171055.jpg', 1),
(686, 1, 431, '431_20190505_171325.jpg', 1),
(687, 1, 432, '432_20190505_171442.jpg', 1),
(688, 1, 433, '433_20190505_171633.jpg', 1),
(689, 1, 434, '434_20190505_171856.jpg', 1),
(690, 1, 435, '435_20190505_171940.jpg', 1),
(693, 1, 334, '334_20190520_083215.jpg', 1),
(694, 1, 336, '336_20190520_083249.jpg', 1),
(701, 1, 442, '442_20190528_182347.jpg', 1),
(703, 1, 443, '443_20190528_182703.jpg', 1),
(704, 1, 444, '444_20190611_180637.jpg', 1),
(705, 1, 445, '445_20190611_180734.jpg', 1),
(706, 1, 446, '446_20190611_180814.jpg', 1),
(707, 1, 447, '447_20190611_180940.jpg', 1),
(708, 1, 448, '448_20190611_181009.jpg', 1),
(709, 1, 449, '449_20190611_181108.jpg', 1),
(710, 1, 450, '450_20190611_181157.jpg', 1),
(711, 1, 451, '451_20190611_181322.jpg', 1),
(712, 1, 452, '452_20190611_181345.jpg', 1),
(713, 1, 453, '453_20190611_181408.jpg', 1),
(714, 1, 454, '454_20190612_121033.jpg', 1),
(715, 1, 455, '455_20190618_163305.jpg', 1),
(717, 1, 457, '457_20190625_183539.jpg', 1),
(718, 1, 456, '456_20190710_185651.jpg', 1),
(719, 1, 362, '362_20190710_185724.jpg', 1),
(720, 1, 439, '439_20190710_185803.jpg', 1),
(721, 1, 440, '440_20190710_185834.jpg', 1),
(722, 1, 458, '458_20190714_191345.jpg', 1),
(723, 1, 459, '459_20190714_191444.jpg', 1),
(724, 1, 460, '460_20190714_191510.jpg', 1),
(725, 1, 461, '461_20190723_122649.jpg', 1),
(726, 1, 462, '462_20190723_175051.jpg', 1),
(727, 1, 463, '463_20190723_175208.jpg', 1),
(728, 1, 56, '56_20190723_175307.jpg', 1),
(729, 1, 464, '464_20190723_175532.jpg', 1),
(730, 1, 465, '465_20190723_175627.jpg', 1),
(731, 1, 466, '466_20190723_175717.jpg', 1),
(732, 1, 467, '467_20190723_175815.jpg', 1),
(733, 1, 468, '468_20190723_175859.jpg', 1),
(734, 1, 469, '469_20190723_175944.jpg', 1),
(735, 1, 470, '470_20190723_180051.jpg', 1),
(736, 1, 471, '471_20190723_180133.jpg', 1),
(737, 1, 472, '472_20190723_180219.jpg', 1),
(738, 1, 473, '473_20190724_183534.jpg', 1),
(739, 1, 474, '474_20190724_183646.jpg', 1),
(740, 1, 475, '475_20190917_121858.jpg', 1),
(741, 1, 475, '475_20190917_121915.jpg', 0),
(742, 1, 476, '476_20190917_150505.jpg', 1),
(743, 1, 477, '477_20190917_150650.jpg', 1),
(744, 1, 478, '478_20190917_150724.jpg', 1),
(745, 1, 479, '479_20190918_173624.jpg', 1),
(746, 1, 480, '480_20190918_173644.jpg', 1),
(747, 1, 481, '481_20191005_084154.jpg', 1),
(748, 1, 482, '482_20191005_084224.jpg', 1),
(749, 1, 483, '483_20191015_172316.jpg', 1),
(750, 1, 484, '484_20191015_172403.jpg', 1),
(751, 1, 441, '441_20191015_172456.jpg', 1),
(752, 1, 308, '308_20191015_173911.jpg', 1),
(753, 1, 485, '485_20191028_123014.jpg', 1),
(754, 1, 486, '486_20191212_091016.jpg', 1),
(755, 1, 487, '487_20191212_091101.jpg', 1),
(756, 1, 488, '488_20191212_091229.jpg', 1),
(757, 1, 489, '489_20191212_092729.jpg', 1),
(758, 1, 490, '490_20191222_083945.jpg', 1),
(759, 1, 491, '491_20191222_084021.jpg', 1),
(760, 1, 492, '492_20191222_084112.jpg', 1),
(761, 1, 493, '493_20191222_084227.jpg', 1),
(762, 1, 494, '494_20200119_075909.jpg', 1),
(763, 1, 495, '495_20200119_075957.jpg', 1),
(764, 1, 496, '496_20200119_080108.jpg', 1),
(765, 1, 437, '437_20200210_162618.jpg', 1),
(766, 1, 497, '497_20200210_162835.jpg', 1),
(767, 1, 365, '365_20200210_183544.jpg', 1),
(768, 1, 436, '436_20200210_184010.jpg', 1),
(769, 1, 438, '438_20200210_185000.jpg', 1),
(770, 1, 58, '58_20200210_190900.jpg', 1),
(771, 1, 498, '498_20200212_151605.jpg', 1),
(772, 1, 499, '499_20200212_151802.jpg', 1),
(773, 1, 500, '500_20200212_151905.jpg', 1),
(774, 1, 501, '501_20200212_152012.jpg', 1),
(775, 1, 502, '502_20200212_152145.jpg', 1),
(776, 1, 503, '503_20200212_152240.jpg', 1),
(777, 1, 504, '504_20200212_152503.jpg', 1),
(778, 1, 504, '504_20200212_152545.jpg', 0),
(779, 1, 505, '505_20200212_153009.jpg', 1),
(780, 1, 506, '506_20200212_153119.jpg', 1),
(781, 1, 507, '507_20200212_153215.jpg', 1),
(782, 1, 508, '508_20200212_153241.jpg', 1),
(783, 1, 509, '509_20200212_153331.jpg', 1),
(784, 1, 510, '510_20200212_153804.jpg', 1),
(785, 1, 511, '511_20200212_153856.jpg', 1),
(786, 1, 512, '512_20200212_153943.jpg', 1),
(787, 1, 513, '513_20200212_154035.jpg', 1),
(788, 1, 514, '514_20200212_154254.jpg', 1),
(789, 1, 515, '515_20200318_142458.jpg', 1),
(790, 1, 516, '516_20200318_142555.jpg', 1),
(791, 1, 517, '517_20200318_142705.jpg', 1),
(792, 1, 518, '518_20200318_142921.jpg', 1),
(793, 1, 519, '519_20200318_144949.jpg', 1),
(795, 1, 520, '520_20200318_145728.jpg', 1),
(796, 1, 521, '521_20200318_150022.jpg', 1),
(797, 1, 522, '522_20200318_150255.jpg', 1),
(798, 1, 523, '523_20200318_152545.jpg', 1),
(799, 1, 524, '524_20200318_164320.jpg', 1),
(800, 1, 525, '525_20200318_164428.jpg', 1),
(802, 1, 526, '526_20200318_164542.jpg', 1),
(804, 1, 527, '527_20200318_170237.jpg', 1),
(806, 1, 528, '528_20200318_171108.jpg', 1),
(807, 1, 529, '529_20200318_171158.jpg', 1),
(808, 1, 530, '530_20200318_171248.jpg', 1),
(810, 1, 531, '531_20200318_171502.jpg', 1),
(811, 1, 532, '532_20200318_172431.jpg', 1),
(812, 1, 533, '533_20200516_185521.jpg', 1),
(813, 1, 534, '534_20200516_185601.jpg', 1),
(814, 1, 535, '535_20200608_091438.jpg', 1),
(816, 1, 536, '536_20200608_184035.jpg', 1),
(817, 1, 537, '537_20200608_184108.jpg', 1);

-- --------------------------------------------------------

--
-- Table structure for table `message`
--

CREATE TABLE `message` (
  `ID` int(11) NOT NULL,
  `Active` tinyint(1) NOT NULL,
  `Message` text CHARACTER SET utf8 COLLATE utf8_unicode_ci NOT NULL
) ENGINE=MyISAM DEFAULT CHARSET=latin1;

--
-- Dumping data for table `message`
--

INSERT INTO `message` (`ID`, `Active`, `Message`) VALUES
(1, 0, 'متن متحرک که میخواهید در بالای صفحه سایت نمایش داده شود را اینجا وارد نمایید و تیک را فعال کنید');

-- --------------------------------------------------------

--
-- Table structure for table `products`
--

CREATE TABLE `products` (
  `ID` int(11) NOT NULL,
  `Active` tinyint(1) NOT NULL,
  `Name` text COLLATE utf8_unicode_ci NOT NULL,
  `GroupID` int(11) NOT NULL,
  `SpecID` int(11) NOT NULL,
  `Description` text COLLATE utf8_unicode_ci NOT NULL,
  `Price` text COLLATE utf8_unicode_ci NOT NULL,
  `Deleted` int(11) NOT NULL DEFAULT 0
) ENGINE=InnoDB DEFAULT CHARSET=utf8 COLLATE=utf8_unicode_ci;

--
-- Dumping data for table `products`
--

INSERT INTO `products` (`ID`, `Active`, `Name`, `GroupID`, `SpecID`, `Description`, `Price`, `Deleted`) VALUES
(1, 1, '۱ انواع پیچ و مهره اسپرت', 6, 0, '', '', 0),
(2, 1, 'قالپاق 206 اس دی', 8, 0, '', '', 0),
(3, 1, 'قالپاق 405', 8, 0, '', '', 0),
(4, 1, 'قالپاق پراید  75', 8, 0, '', '', 0),
(5, 1, 'قالپاق پراید 82', 8, 0, '', '', 0),
(6, 1, 'قالپاق ال90  فول', 8, 0, '', '', 0),
(7, 1, 'قالپاق ریو', 8, 0, '', '', 0),
(8, 1, 'قالپاق 405 فرانسه', 8, 0, '', '', 0),
(9, 1, 'قالپاق پراید 74', 8, 0, '', '', 0),
(10, 1, 'قالپاق سمند ای ال ایکس', 8, 0, '', '', 0),
(11, 1, 'قالپاق زانتیا', 8, 0, '', '', 0),
(12, 1, 'قالپاق سمند 15', 8, 0, '', '', 0),
(13, 1, 'قالپاق 206', 8, 0, '', '', 0),
(14, 1, 'قالپاق ال 90  ساده', 8, 0, '', '', 1),
(15, 1, 'قالپاق پرشیا', 8, 0, '', '', 0),
(16, 1, 'صفحه پشت رینگ پراید پژو', 6, 0, '', '', 0),
(17, 1, 'قالپاق ۱۴۱', 6, 0, '', '', 0),
(18, 0, 'فابریک ۱۶مزدا نیو', 4, 0, '', '', 1),
(19, 0, 'کرم۸/۱۵پاترول', 3, 0, '', '', 1),
(20, 0, 'فابریک۱۴کد ۰۱۷ /۱۱پر', 2, 0, '', '', 0),
(21, 1, 'فابریک۱۷کد ۵۰۰۱', 5, 0, '', '', 1),
(22, 0, 'اسپرت۸×۱۵کد۲۱۵', 3, 0, '', '', 1),
(23, 0, '۱۵ کد ۰۰۱', 3, 0, '', '', 1),
(24, 1, '۱۴ ۵پر ایرانی کدR77', 2, 0, '', '', 0),
(25, 1, 'فابریک کاپرا', 4, 0, '', '', 1),
(26, 0, 'اسپرت۷×۱۵کد۲۱۵', 3, 0, '', '', 1),
(27, 0, 'اسپرت۱۵کد۱۰۶۵', 3, 0, '', '', 1),
(28, 1, 'فابریک۱۵کد ۰۰۴', 3, 0, '', '', 0),
(29, 1, 'فابریک ۱۵کدنیر', 3, 0, '', '', 0),
(30, 1, 'فابریک ۱۵کدR38', 3, 0, '', '', 0),
(31, 1, 'فابریک۱۴ ۵پر دوشاخ کد ال زد', 2, 0, '', '', 0),
(32, 1, 'فابریک ۲۰۷فرانسه', 2, 0, '', '', 1),
(33, 1, 'فابریک۱۵ ال۹۰کد ۰۱۵', 3, 0, '', '', 0),
(34, 1, 'نوار ۱۶کادوس', 6, 0, '', '', 1),
(35, 0, 'اسپرت۱۳کد۱۰۰۱', 1, 0, '', '', 1),
(36, 0, 'فابریک۱۵ کد۰۱۶خرچنگی', 3, 0, '', '', 0),
(37, 1, '۱۷:۵ خاور مشهد', 7, 0, '', '', 1),
(38, 0, 'نیسان ۱۷:۵تیوبلس مشهد', 7, 0, '', '', 1),
(39, 0, 'نیسان ۱۶تیوبلس مشهد', 7, 0, '', '', 1),
(40, 0, '۱۷:۵تیوبلس نیسان ترک', 7, 0, '', '', 1),
(41, 1, 'نیسان ۱۶شرکتی', 7, 0, '', '', 0),
(42, 0, '۱۷:۵فوتون ترک', 7, 0, '', '', 1),
(43, 1, '۱۷:۵ایسوزو۶پیچ مشهد', 7, 0, '', '', 1),
(44, 0, '۱۷:۵ایسوزو۵پیچ ترک', 7, 0, '', '', 1),
(45, 1, 'رینگ سمند مشهد', 7, 0, '', '', 0),
(46, 1, 'رینگ ۴۰۵ مشهد', 7, 0, '', '', 0),
(47, 1, 'رینگ ۲۰۶مشهد', 7, 0, '', '', 0),
(48, 1, 'رینگ پراید ۴گوش مشهد', 7, 0, '', '', 0),
(49, 1, 'رینگ پیکان گرد مشهد', 7, 0, '', '', 0),
(50, 0, 'فابریک۱۴کد۰۰۹', 2, 0, '', '', 0),
(51, 1, 'رینگ پراید گرد مشهد', 7, 0, '', '', 0),
(52, 1, 'رینگ مزدا ۱۶۰۰مشهدوخرمشهر', 7, 0, '', '', 0),
(53, 1, 'رینگ ریو تیبا', 7, 0, '', '', 0),
(54, 0, 'نخ تیوبلس بلند و کوتاه', 6, 0, '', '', 1),
(55, 1, 'قفل رینگ پژو پراید', 6, 0, '', '', 0),
(56, 1, 'فابریک۱۵ کد۰۱۴', 3, 0, '', '', 0),
(57, 0, 'اسپرت۱۳کد ۱۰۰۸۰', 1, 0, '', '', 1),
(58, 1, 'سرب ۵گرم ترکیه NGST', 6, 0, '', '', 0),
(59, 0, 'سرب۵۰گرم ترکیه', 6, 0, '', '', 1),
(60, 1, 'سرب۱۰۰-۶۵-۳۵*۵ ترکیه', 6, 0, '', '', 0),
(61, 0, 'رینگ کالسکه پراید', 1, 0, '', '', 1),
(62, 0, 'نیسان ۱۷:۵نقری مشهد', 7, 0, '', '', 1),
(63, 0, 'اسپرت۱۶کد ۵۵۴(برلیانس)', 4, 0, '', '', 1),
(64, 0, 'اسپرت۱۳کد ۲۲۲', 1, 0, '', '', 1),
(65, 0, 'اسپرت۱۳کد ۱۰۲۷', 1, 0, '', '', 1),
(66, 0, 'اسپرت۱۳کد ۵۹۶', 1, 0, '', '', 1),
(67, 0, 'فابریک۱۴کد۰۰۵تیبا', 2, 0, '', '', 1),
(68, 0, 'اسپرت۱۳کد۱۰۲۴۰', 1, 0, '', '', 1),
(69, 0, 'اسپرت۱۳کد ۱۰۵۹', 1, 0, '', '', 1),
(70, 0, 'اسپرت۱۳کد ۱۰۶۵', 1, 0, '', '', 1),
(71, 0, 'فابریک۱۳کد۰۰۶', 1, 0, '', '', 0),
(72, 0, 'اسپرت۱۳کد ۱۰۷۰(رخ‌مشکی)', 1, 0, '', '', 1),
(73, 0, 'اسپرت۱۳کد ۱۰۷۰(نقره‌ای)', 1, 0, '', '', 1),
(74, 0, 'اسپرت ۱۴کد۲۲۲', 2, 0, '', '', 1),
(75, 0, 'اسپرت۱۴کد ۵۹۶', 2, 0, '', '', 1),
(76, 0, 'اسپرت۱۳کد ۱۰۷۰(طلایی)', 1, 0, '', '', 1),
(77, 0, 'اسپرت۱۳کد ۱۰۷۰(دودی)', 1, 0, '', '', 1),
(78, 0, 'اسپرت۱۳کد ۱۳۲', 1, 0, '', '', 1),
(79, 0, 'اسپرت۱۳کد ۱۳۲', 1, 0, '', '', 1),
(80, 0, 'اسپرت۱۳کد۱۱۳۴', 1, 0, '', '', 1),
(81, 0, 'اسپرت۱۶کد ۱۰۷۰', 4, 0, '', '', 1),
(82, 0, 'اسپرت۱۶کد ۵۵۴', 4, 0, '', '', 1),
(83, 0, 'اسپرت۱۳کد ۱۰۶۶', 1, 0, '', '', 1),
(84, 0, 'اسپرت۱۳کد ۵۱۱', 1, 0, '', '', 1),
(85, 0, 'اسپرت۱۳کد ۱۰۱۹', 1, 0, '', '', 1),
(86, 0, 'اسپرت۱۳کد۹۸۸', 1, 0, '', '', 1),
(87, 0, 'اسپرت۱۴کد ۶۴۳', 2, 0, '', '', 1),
(88, 0, 'اسپرت۱۴کد ۵۹۶', 2, 0, '', '', 1),
(89, 0, 'اسپرت۱۴کد ۱۰۶۶', 2, 0, '', '', 1),
(90, 0, 'اسپرت۱۴کد ۱۰۰۷۷', 2, 0, '', '', 1),
(91, 0, 'اسپرت۱۵ کد۵۰۹', 3, 0, '', '', 1),
(92, 0, 'اسپرت۱۵کد ۶۴۳', 3, 0, '', '', 1),
(93, 0, 'اسپرت۱۵کد ۱۰۰۸۶', 3, 0, '', '', 1),
(94, 0, 'اسپرت۱۵کد ۱۱۳۴', 3, 0, '', '', 1),
(95, 0, 'اسپرت۱۴کد ۱۰۰۸۰', 2, 0, '', '', 1),
(96, 0, 'اسپرت۱۵کد ۵۹۶', 3, 0, '', '', 1),
(97, 0, 'فابریک۱۵کد ۱۰۲۷', 3, 0, '', '', 1),
(98, 0, 'اسپرت۱۵کد ۱۰۷۰', 3, 0, '', '', 1),
(99, 0, 'اسپرت۱۵کد ۱۰۵۴', 3, 0, '', '', 1),
(100, 0, 'اسپرت۱۵کد۱۰۵۲', 3, 0, '', '', 1),
(101, 0, 'فابریک ۱۵کد۱۰۹۷', 3, 0, '', '', 1),
(102, 1, 'اسپرت۱۵کد ۵۷۲', 3, 0, '', '', 1),
(103, 0, 'اسپرت۱۶کد ۷۰۵', 4, 0, '', '', 1),
(104, 0, 'اسپرت۱۵کد ۷۵۱', 3, 0, '', '', 1),
(105, 0, 'فابریک ۱۶دانگ فنگ_پژو', 4, 0, '', '', 1),
(106, 0, 'اسپرت۱۵ کد۷۰۵', 3, 0, '', '', 1),
(107, 0, 'اسپرت۱۵کد ۱۰۱۴۷', 3, 0, '', '', 1),
(108, 0, 'فابریک ۱۶کد۱۲۷۵ هیوندا', 4, 0, '', '', 1),
(109, 0, 'فابریک ۱۶کد۱۲۷۶هیوندا', 4, 0, '', '', 1),
(110, 0, 'اسپرت۱۶کد ۱۵۱برنز', 4, 0, '', '', 1),
(111, 0, 'اسپرت۱۶کد ۱۵۱روخ تراش', 4, 0, '', '', 1),
(112, 0, 'اسپرت۱۵ کد۸۰۷', 3, 0, '', '', 1),
(113, 0, 'زنجیر ژله ای المانی', 6, 0, '', '', 1),
(114, 0, 'اسپرت۱۶کد ۱۰۶۶', 4, 0, '', '', 1),
(115, 0, 'اسپرت ۱۳کد ۵۷۲', 1, 0, '', '', 1),
(116, 0, 'اسپرت۱۶کد ۱۰۷۹', 4, 0, '', '', 1),
(117, 0, 'اسپرت۱۵کد ۸۰۱برلیانس', 3, 0, '', '', 1),
(118, 0, 'اسپرت۱۵کد ۸۰۳برلیانس', 3, 0, '', '', 1),
(119, 0, 'اسپرت۱۴کد۱۰۱۹', 2, 0, '', '', 1),
(120, 0, 'اسپرت۱۵کد ۱۰۷۰', 3, 0, '', '', 1),
(121, 0, 'اسپرت۱۵کد ۱۱۹۰', 3, 0, '', '', 1),
(122, 0, 'اسپرت۱۵کد۵۱۳۲', 3, 0, '', '', 1),
(123, 0, 'فابریک ۱۶ مگان', 4, 0, '', '', 1),
(124, 0, 'اسپرت۱۵کد وی۴۷ برلیانس', 3, 0, '', '', 1),
(125, 0, 'اسپرت۱۴کد ۱۴۷۰', 2, 0, '', '', 1),
(126, 0, 'فابریک۱۵کد۴۱۷', 3, 0, '', '', 1),
(127, 0, 'اسپرت۱۵کد ۳۹۳', 3, 0, '', '', 1),
(128, 0, 'اسپرت۱۵کد ۳۲۳۰', 3, 0, '', '', 1),
(129, 0, 'اسپرت۱۳کد ۳۸۵', 1, 0, '', '', 1),
(130, 0, 'اسپرت۱۴کد ۳۱۳۶', 2, 0, '', '', 1),
(131, 0, 'اسپرت۱۴کد ۳۱۸۵', 2, 0, '', '', 1),
(132, 0, 'اسپرت۱۴کد ۳۹۳', 2, 0, '', '', 1),
(133, 0, 'اسپرت۱۴کد ۳۱۴۴', 2, 0, '', '', 1),
(134, 0, 'اسپرت۱۴کد ۲۷۷۰', 2, 0, '', '', 1),
(135, 0, 'اسپرت۱۴کد ۳۱۰۲', 2, 0, '', '', 1),
(136, 0, 'اسپرت۱۴کد ۶۲۰۶', 2, 0, '', '', 1),
(137, 0, 'اسپرت۱۴کد ۲۴۱', 2, 0, '', '', 1),
(138, 0, 'اسپرت۱۴کد ۳۱۰۷', 2, 0, '', '', 1),
(139, 0, 'اسپرت۱۵کد ۲۴۱', 3, 0, '', '', 1),
(140, 0, 'اسپرت۱۵کد ۳۱۴۴', 3, 0, '', '', 1),
(141, 0, 'اسپرت۱۵کد ۳۱۷۸', 3, 0, '', '', 1),
(142, 0, 'اسپرت۱۵کد ۳۱۸۵', 3, 0, '', '', 1),
(143, 0, 'اسپرت۱۵کد ۳۸۵', 3, 0, '', '', 1),
(144, 0, 'اسپرت۱۵کد ۸۳۳', 3, 0, '', '', 1),
(145, 0, 'اسپرت۱۵کد ۳۱۰۷', 3, 0, '', '', 1),
(146, 0, 'اسپرت۱۵کد ۶۲۰۶', 3, 0, '', '', 1),
(147, 0, 'اسپرت۱۵کد ۷۲۳', 3, 0, '', '', 1),
(148, 0, 'اسپرت۱۵کد ۸۱۰۴', 3, 0, '', '', 1),
(149, 0, 'اسپرت۱۵کد۳۱۴۳', 3, 0, '', '', 1),
(150, 0, 'اسپرت۱۶کد ۳۱۸۵', 4, 0, '', '', 1),
(151, 0, 'اسپرت۱۶کد ۲۴۱', 4, 0, '', '', 1),
(152, 0, 'اسپرت۱۶کد ۳۱۴۴', 4, 0, '', '', 1),
(153, 0, 'اسپرت۱۶کد ۶۲۰۶', 4, 0, '', '', 1),
(154, 0, 'اسپرت۱۳کد ۸۷۰', 1, 0, '', '', 1),
(155, 0, 'اسپرت۱۳کد ۱۳۰۰', 1, 0, '', '', 1),
(156, 0, 'اسپرت۱۳کد ۳۱۷۸', 1, 0, '', '', 1),
(157, 0, 'اسپرت۱۶کد ۱۱۲۲', 4, 0, '', '', 1),
(158, 0, 'اسپرت۱۳کد ۹۸۶', 1, 0, '', '', 1),
(159, 0, 'اسپرت۱۳کد ۱۰۰۰', 1, 0, '', '', 1),
(160, 0, 'اسپرت ۱۳کد۱۳۵۳', 1, 0, '', '', 1),
(161, 0, 'اسپرت۱۳کد ۵۱۳۲', 1, 0, '', '', 1),
(162, 0, 'اسپرت۱۳کد ۱۳۲', 1, 0, '', '', 1),
(163, 0, 'اسپرت۱۶کد ۱۷۷_۱۷۵', 4, 0, '', '', 1),
(164, 0, 'اسپرت۱۴کد ۴۳۵', 2, 0, '', '', 1),
(165, 0, 'اسپرت۱۵کد ۱۳۶(برنز)', 3, 0, '', '', 1),
(166, 0, 'اسپرت۱۴کد ۱۱۳۴', 2, 0, '', '', 1),
(167, 0, 'اسپرت۱۶ماکسیما', 4, 0, '', '', 1),
(168, 1, 'رام زیرموتورپژو ۴۰۵', 6, 0, '', '', 1),
(169, 1, 'قالپاق تیبا', 8, 0, '', '', 0),
(170, 1, 'قالپاق رینگ اسپرت L90', 6, 0, '', '', 0),
(171, 1, 'قالپاق پراید ایتالیا', 8, 0, '', '', 0),
(172, 1, 'قالپاق پیکان قدیم', 8, 0, '', '', 0),
(173, 1, 'قالپاق پیکان جدید', 8, 0, '', '', 0),
(174, 0, 'قالپاق دوو ماتیز', 8, 0, '', '', 1),
(175, 1, 'قالپاق دوو سی یلو', 8, 0, '', '', 0),
(176, 0, 'قالپاق زنبوری استیل 13', 8, 0, '', '', 1),
(177, 0, 'قالپاق دنی استیل 13', 8, 0, '', '', 1),
(178, 0, 'قالپاق اپل کورسا 13', 8, 0, '', '', 1),
(179, 1, 'قالپاق  مزدا خورشیدی 14', 8, 0, '', '', 0),
(180, 1, 'قالپاق زانتیا 14', 8, 0, '', '', 0),
(181, 0, 'قالپاق زانتیا 13', 8, 0, '', '', 1),
(182, 1, 'قالپاق رانا فابریک', 8, 0, '', '', 0),
(183, 1, 'قالپاق رانا 15', 8, 0, '', '', 0),
(184, 0, 'قالپاق رانا 13', 8, 0, '', '', 1),
(185, 0, 'قالپاق مگان 15', 8, 0, '', '', 1),
(186, 1, 'قالپاق مگان 16', 8, 0, '', '', 0),
(187, 0, 'قالپاق نیسان شوکا 16', 8, 0, '', '', 1),
(188, 0, 'قالپاق کاپریس 15', 8, 0, '', '', 1),
(189, 1, 'قالپاق ریو پرایدی 13', 8, 0, '', '', 0),
(190, 0, 'قالپاق هیوندای ورنا', 8, 0, '', '', 1),
(191, 0, 'قالپاق فولکس گل 13', 8, 0, '', '', 1),
(192, 0, 'قالپاق بنز ون 13', 8, 0, '', '', 1),
(193, 1, 'قالپاق پژو فرانسه 14', 8, 0, '', '', 0),
(194, 0, 'قالپاق اپل چینی 14', 8, 0, '', '', 1),
(195, 1, 'قالپاق مزدا323 14', 8, 0, '', '', 0),
(196, 0, 'قالپاق هیواندای آوانته 15', 8, 0, '', '', 1),
(197, 0, 'قالپاق بنز پلیس 15', 8, 0, '', '', 1),
(198, 0, 'قالپاق بنز ون 15', 8, 0, '', '', 1),
(199, 1, 'زنجیر چرخ۱۳_۱۴_۱۵', 6, 0, '', '', 0),
(200, 1, 'زنجیر چرخ کمربندی', 6, 0, '', '', 0),
(201, 0, 'والف معمولی', 6, 0, '', '', 1),
(202, 0, 'والف استیل', 6, 0, '', '', 1),
(203, 1, 'والف بلند', 6, 0, '', '', 0),
(204, 0, 'سرب چسبی', 6, 0, '', '', 1),
(205, 1, 'اسپیسر', 6, 0, '', '', 0),
(206, 1, 'فابریک۱۴کد۰۲۵ ایرانی', 2, 0, '', '', 1),
(207, 0, 'فابریک۱۸کد۱۱۴۲', 5, 0, '', '', 1),
(208, 1, '14فابریک026', 2, 0, '', '', 1),
(209, 0, 'اسپرت 15کد3136', 3, 0, '', '', 1),
(210, 0, 'اسپرت 13کد1070', 1, 0, '', '', 1),
(211, 0, 'اسپرت13کد1070', 1, 0, '', '', 1),
(212, 0, 'اسپرت 13کد 1070', 1, 0, '', '', 1),
(213, 0, 'اسپرت 13کد 1070', 1, 0, '', '', 1),
(214, 0, 'اسپرت۱۶کد ۲۴۴', 4, 0, '', '', 1),
(215, 0, 'اسپرت۱۶کد ۵۹۶', 4, 0, '', '', 1),
(216, 0, 'اسپرت۱۶کد ۸۱۰۴', 4, 0, '', '', 1),
(217, 0, 'اسپرت۱۶کد ۸۳۳', 4, 0, '', '', 1),
(218, 0, 'اسپرت۱۶کد ۳۱۳۶', 4, 0, '', '', 1),
(219, 0, 'اسپرت ۱۶کد۳۹۳', 4, 0, '', '', 1),
(220, 0, 'اسپرت۱۶کد ۸۰۳', 4, 0, '', '', 1),
(221, 0, 'اسپرت۱۶کد ۸۰۵', 4, 0, '', '', 1),
(222, 1, 'اسپرت۱۵کد ۴۷برلیانس', 3, 0, '', '', 1),
(223, 0, '', 4, 0, '', '', 1),
(224, 0, 'اسپرت۱۳کد ۱۱۹۰', 1, 0, '', '', 1),
(225, 0, 'اسپرت۱۵کد ۳۸۵', 3, 0, '', '', 1),
(226, 0, 'اسپرت۱۵کد ۳۱۳۶', 3, 0, '', '', 1),
(227, 0, 'فابریک۱۵کد ۴۱۳رخ مشکی', 3, 0, '', '', 1),
(228, 0, 'فابریک۱۵کد ۴۳۰', 3, 0, '', '', 1),
(229, 0, 'اسپرت۱۵کد ۷۰۵', 3, 0, '', '', 1),
(230, 0, 'فابریک۱۵کد۴۱۳دودی', 3, 0, '', '', 1),
(231, 0, 'اسپرت۱۵کد ۱۳۲', 3, 0, '', '', 1),
(232, 0, 'فابریک۱۴کد۴۰۷', 2, 0, '', '', 1),
(233, 0, 'اسپرت۱۵کد ۷۰۵(برنز)', 3, 0, '', '', 1),
(234, 0, 'اسپرت۱۵کد ۷۰۵(طلایی)', 3, 0, '', '', 1),
(235, 0, 'اسپرت۱۵کد ۱۰۵۴', 3, 0, '', '', 1),
(236, 0, 'اسپرت14کد ۸۰۵', 2, 0, '', '', 1),
(237, 0, 'اسپرت۱۵ کد وی۱۲', 3, 0, '', '', 1),
(238, 0, 'اسپرت۱۵کد۵۱۳۷', 3, 0, '', '', 1),
(239, 0, 'اسپرت۱۵کد ۱۲۵۹', 3, 0, '', '', 1),
(240, 0, 'اسپرت۱۵کد۱۰۵۲', 3, 0, '', '', 1),
(241, 0, 'اسپرت۱۵کد ۱۱۸۵', 3, 0, '', '', 1),
(242, 0, 'اسپرت۱۴کد ۱۹۵مزدا', 2, 0, '', '', 1),
(243, 0, 'اسپرت۱۳کد۱۱۸۶مشکی', 1, 0, '', '', 1),
(244, 0, 'اسپرت۱۳کد ۱۱۳۴', 1, 0, '', '', 1),
(245, 0, 'اسپرت۱۳کد ۶۳۱برنز', 1, 0, '', '', 1),
(246, 0, 'اسپرت۱۳کد ۶۳۱', 1, 0, '', '', 1),
(247, 0, 'اسپرت۱۶کد ۶۳۱', 4, 0, '', '', 1),
(248, 0, 'اسپرت۱۵کد ۸۸۷', 3, 0, '', '', 1),
(249, 0, 'اسپرت۱۳کد ۱۳۲دودی', 1, 0, '', '', 1),
(250, 0, 'اسپرت۱۳کد ۱۳۲نقره ای', 1, 0, '', '', 1),
(251, 0, 'اسپرت۱۳کد ۱۱۸۷(نقره‌ای)', 1, 0, '', '', 1),
(252, 0, 'اسپرت۱۵کد ۱۳۶۹  ۸؛۱۵', 3, 0, '', '', 1),
(253, 0, 'اسپرت۱۳کد۱۱۸۷(دودی)', 1, 0, '', '', 1),
(254, 0, 'اسپرت۱۵کد ۱۳۶۹پاترول۸ ؛۱۵', 3, 0, '', '', 1),
(255, 0, 'اسپرت۱۶کد ۱۶۰۲', 4, 0, '', '', 1),
(256, 0, 'اسپرت۱۵کد۱۰۵۵', 3, 0, '', '', 1),
(257, 0, 'اسپرت۱۶کد ۲۲۳', 4, 0, '', '', 1),
(258, 0, 'اسپرت۱۴کد۵۲۱۸', 2, 0, '', '', 1),
(259, 0, 'اسپرت۱۵کد۱۰۱۹', 3, 0, '', '', 1),
(260, 0, 'اسپرت۱۳کد۱۰۵۵', 1, 0, '', '', 1),
(261, 0, 'فابریک۱۸کد ۱۳۰۱', 5, 0, '', '', 1),
(262, 0, 'اسپرت۱۵کد۱۰۶۶', 3, 0, '', '', 1),
(263, 1, 'اسپرت۸؛۱۶کد۲۱۵', 4, 0, '', '', 1),
(264, 0, 'اسپرت۷؛۱۶کد۲۱۵', 4, 0, '', '', 1),
(265, 0, 'اسپرت۱۳کد۵۲۱', 1, 0, '', '', 1),
(266, 0, 'فابریک۱۵ ۰۰۴ سپاهان', 3, 0, '', '', 1),
(267, 0, 'فابریک۱۹کد۱۲۷۸توسان۲۰۱۷', 5, 0, '', '', 1),
(268, 0, 'اسپرت۱۵کد۷۴۱', 3, 0, '', '', 1),
(269, 0, 'اسپرت۱۵کد۴۷۹', 3, 0, '', '', 1),
(270, 0, 'اسپرت۱۶کد ۹۴۷', 4, 0, '', '', 1),
(271, 0, 'اسپرت۱۶کد۴۷۹', 4, 0, '', '', 1),
(272, 0, 'فابریک۱۹کد۱۲۳۰', 5, 0, '', '', 1),
(273, 1, 'فابریک ۱۶دانگ فنگ', 4, 0, '', '', 1),
(274, 0, 'اسپرت۱۳کد۰۰۷', 1, 0, '', '', 1),
(275, 1, 'فابریک۱۶دنا پلاس،کد۴۰۹', 4, 0, '', '', 0),
(276, 0, 'اسپرت۱۵کد۲۷۴', 3, 0, '', '', 1),
(277, 0, 'اسپرت ۱۶کد۹۵۲', 4, 0, '', '', 1),
(278, 0, 'فابریک۱۸کد۱۲۷۹', 5, 0, '', '', 1),
(279, 0, 'اسپرت۱۶کد۹۴۸', 4, 0, '', '', 1),
(280, 1, 'فابریک۱۵کد۰۲۱ ساندرو', 3, 0, '', '', 0),
(281, 1, 'قالپاق اسپرت ', 6, 0, '', '', 0),
(282, 0, 'فابریک ۱۶چلنجر کد ۴۴۸', 4, 0, '', '', 1),
(283, 0, 'فابریک۱۶ماکسیما', 4, 0, '', '', 1),
(284, 1, 'فابریک۱۵کدال زد', 3, 0, '', '', 1),
(285, 0, 'اسپرت۱۳ کد ۵۲۷', 1, 0, '', '', 1),
(286, 0, 'فابریک۱۵کد۰۱۶چینی', 3, 0, '', '', 1),
(287, 0, 'فابریک۱۵کد۰۰۴چینی', 3, 0, '', '', 1),
(288, 0, 'اسپرت۱۵کد ۶۳۱', 3, 0, '', '', 1),
(289, 0, 'اسپرت۱۳کد۱۱۸۵', 1, 0, '', '', 1),
(290, 0, 'فابریک۱۵کد۰۱۵،چینی', 3, 0, '', '', 1),
(291, 0, 'فابریک ۱۶ مگان چینی', 4, 0, '', '', 1),
(292, 0, 'اسپرت۱۵کد ۴۴۸', 3, 0, '', '', 1),
(293, 0, 'اسپرت۱۵کد ۶۰۴', 3, 0, '', '', 1),
(294, 0, 'فابریک۱۴تیبا کد ۰۸۱کوئک', 2, 0, '', '', 1),
(295, 0, 'رینگ فابریک۱۵کد ۰۲۲(استپ‌وی)', 3, 0, '', '', 0),
(296, 0, 'test', 1, 0, '', '', 1),
(297, 1, 'فابریک۱۴ کد نیر', 2, 0, '', '', 1),
(298, 1, 'فابریک۱۴ تیبا/۵پر/نیریز', 2, 0, '', '', 0),
(299, 0, 'اسپرت۱۳کد۱۰۰۸۰', 1, 0, '', '', 1),
(300, 0, 'اسپرت۱۴کد۵۰۹', 2, 0, '', '', 1),
(301, 0, 'اسپرت داشبورد اس‌تی‌پی', 6, 0, '', '', 1),
(302, 1, 'اسپره لاستیک اس‌تی‌پی', 6, 0, '', '', 0),
(303, 1, 'اسپره لاستیک و داشبورد بلند', 6, 0, '', '', 0),
(304, 1, 'اسپره لاستیک و داشبورد متوسط', 6, 0, '', '', 0),
(305, 1, 'مایع اکتان اس‌تی‌پی', 6, 0, '', '', 0),
(306, 1, 'مایع اکتان گانگ', 6, 0, '', '', 0),
(307, 1, 'فابریک۱۴کد۰۸۱ساینا', 2, 0, '', '', 0),
(308, 1, 'فابریک۱۵کد۰۰۱', 3, 0, '', '', 0),
(309, 0, 'اسپرت۱۳کد ۱۱۳۴', 1, 0, '', '', 1),
(310, 0, 'اسپرت۱۳کد ۵۷۲', 1, 0, '', '', 1),
(311, 0, 'اسپرت۱۳کد ۱۰۰۱', 1, 0, '', '', 1),
(312, 0, 'اسپرت۱۳کد ۵۲۱', 1, 0, '', '', 1),
(313, 0, 'اسپرت۱۳ کد۵۲۱', 1, 0, '', '', 1),
(314, 0, 'اسپرت۱۳کد ۵۹۶', 1, 0, '', '', 1),
(315, 0, 'اسپرت۱۳کد ۱۰۲۷', 1, 0, '', '', 1),
(316, 0, 'اسپرت۱۳کد ۲۲۲', 1, 0, '', '', 1),
(317, 0, 'اسپرت ۱۳کد۱۰۵۹', 1, 0, '', '', 1),
(318, 0, 'اسپرت۱۳کد ۱۰۰۸۶', 1, 0, '', '', 1),
(319, 0, 'اسپرت۱۵کد ۱۰۰۱', 3, 0, '', '', 1),
(320, 0, 'اسپرت۱۵کد ۲۲۲', 3, 0, '', '', 1),
(321, 0, 'اسپرت۱۵کد ۱۰۴۶', 3, 0, '', '', 1),
(322, 0, 'اسپرت۱۵کد ۱۰۵۴', 3, 0, '', '', 1),
(323, 0, 'اسپرت۱۵کد ۱۰۵۲', 3, 0, '', '', 1),
(324, 0, 'اسپرت۱۵کد ۵۷۲', 3, 0, '', '', 1),
(325, 0, 'اسپرت۱۵کد ۵۹۶', 3, 0, '', '', 1),
(326, 0, 'اسپرت۱۵کد ۱۰۰۸۶', 3, 0, '', '', 1),
(327, 0, 'اسپرت۱۵کد ۱۰۱۴۷', 3, 0, '', '', 1),
(328, 1, 'اسپرت۱۵کد ۸۳۸', 3, 0, '', '', 1),
(329, 0, 'اسپرت۱۵کد ۱۰۶۷', 3, 0, '', '', 1),
(330, 0, 'اسپرت۱۵کد ۱۰۶۷', 3, 0, '', '', 1),
(331, 0, 'اسپرت۱۵کد ۱۰۵۹', 3, 0, '', '', 1),
(332, 0, 'اسپرت۱۵کد ۱۰۲۴۰', 3, 0, '', '', 1),
(333, 0, 'فابریک۱۸کد۰۳۹جکS5', 5, 0, '', '', 1),
(334, 0, 'فابریک۱۷کد۰۲۷هایما', 5, 0, '', '', 0),
(335, 0, 'فابریک۱۶کد۰۳۲پژو۲۰۰۸', 4, 0, '', '', 0),
(336, 0, 'فابریک۱۶کد۰۳۳سیتروئن', 4, 0, '', '', 0),
(337, 0, 'فابریک۱۴کد۰۱۹تیبا', 2, 0, '', '', 0),
(338, 0, 'اسپرت۱۵کد ۳۲۱۰', 3, 0, '', '', 1),
(339, 0, 'اسپرت۱۵کد ۳۱۸۵', 3, 0, '', '', 1),
(340, 0, 'اسپرت۱۵کد ۲۴۴', 3, 0, '', '', 1),
(341, 0, 'اسپرت۱۵کد۳۲۵۶', 3, 0, '', '', 1),
(342, 0, 'اسپرت۱۵کد ۸۳۳', 3, 0, '', '', 1),
(343, 0, 'اسپرت۱۵کد۱۲۵۷', 3, 0, '', '', 1),
(344, 0, 'اسپرت۱۵کد۱۱۰', 3, 0, '', '', 1),
(345, 0, 'اسپرت۱۵کد۳۹۳', 3, 0, '', '', 1),
(346, 0, 'اسپرت۱۵کد۳۲۰۶', 3, 0, '', '', 1),
(347, 1, 'اسپرت۱۵کد۱۲۶۰', 3, 0, '', '', 1),
(348, 0, 'اسپرت۱۵کد۳۱۰۷', 3, 0, '', '', 1),
(349, 0, 'اسپزت۱۵کد۱۷۰۱', 3, 0, '', '', 1),
(350, 0, 'اسپرات۱۳کد۵۲۱', 1, 0, '', '', 1),
(351, 0, 'اسپرت۱۳کد۵۲۱', 1, 0, '', '', 1),
(352, 0, 'اسپرت۱۳کد۱۰۵۴', 1, 0, '', '', 1),
(353, 0, 'اسپرت۱۳کد۵۷۲', 1, 0, '', '', 1),
(354, 0, 'اسپرت۱۳کد۱۰۵۲', 1, 0, '', '', 1),
(355, 0, 'اسپرت۱۳کد۱۰۵۹', 1, 0, '', '', 1),
(356, 0, 'اسپرت۱۳کد۱۳۲', 1, 0, '', '', 1),
(357, 0, 'اسپرت۱۵کد۷۰۵', 3, 0, '', '', 1),
(358, 0, 'اسپرت۱۴کد۵۹۶', 2, 0, '', '', 1),
(359, 0, 'اسپرت۱۴کد۱۰۵۴', 2, 0, '', '', 1),
(360, 0, 'اسپرت۱۵کد۲۲۵', 3, 0, '', '', 1),
(361, 0, 'اسپرت۱۵کد۵۷۲', 3, 0, '', '', 1),
(362, 0, 'فابریک۱۵کد ۰۰۴رخ مشکی', 3, 0, '', '', 0),
(363, 0, 'فابریک۱۵کد JH3(هفت‌پر)', 3, 0, '', '', 1),
(364, 0, 'فابریک۱۵کد لنزو', 3, 0, '', '', 0),
(365, 1, 'فابریک۱۵کد H200(برلیانس)', 3, 0, '', '', 0),
(366, 0, 'اسپرت ۱۵کد۱۲۶۰', 3, 0, '', '', 1),
(367, 0, 'اسپرت۱۵کد ۱۱۰ مشکی', 3, 0, '', '', 1),
(368, 0, 'اسپرت۱۵کد ۱۱۰ برنز', 3, 0, '', '', 1),
(369, 0, 'اسپرت۱۵کد ۲۷۷۰', 3, 0, '', '', 1),
(370, 0, 'اسپرت۱۵کد ۳۳۰۳', 3, 0, '', '', 1),
(371, 0, 'اسپرت۱۳کد۳۲۱۰', 1, 0, '', '', 1),
(372, 0, 'اسپرت۱۳کد ۳۱۸۵', 1, 0, '', '', 1),
(373, 0, 'اسپرت۱۵کد ۲۴۴', 3, 0, '', '', 1),
(374, 0, 'اسپرت۱۳کد ۱۱۰', 1, 0, '', '', 1),
(375, 0, 'اسپرت۱۴کد۱۱۰', 2, 0, '', '', 1),
(376, 0, 'اسپرت۱۵کد ۱۲۸برلیانس', 3, 0, '', '', 1),
(377, 0, 'اسپرت۱۵کد ۱۱۰ نقره‌ای', 3, 0, '', '', 1),
(378, 0, 'اسپرت۱۶کد۱۱۰', 4, 0, '', '', 1),
(379, 0, 'فابریک۱۳ مدل ۱۱پر', 1, 0, '', '', 1),
(380, 0, 'اسپرت۱۳کد ۱۳۲', 1, 0, '', '', 1),
(381, 1, 'اسپرت۱۵کد ۱۳۰۰', 3, 0, '', '', 1),
(382, 0, 'اسپرت۱۵کد ۱۲۵۸', 3, 0, '', '', 1),
(383, 0, 'اسپرت۱۳کد ۱۷۰۴', 1, 0, '', '', 1),
(384, 0, 'اسپرت۱۴کد۳۲۵۶', 2, 0, '', '', 1),
(385, 0, 'اسپرت۱۶کد۵۱۳۹', 4, 0, '', '', 1),
(386, 0, 'اسپرت۱۳کد۱۰۵۹', 1, 0, '', '', 1),
(387, 0, 'اسپرت۱۳کد۵۲۱', 1, 0, '', '', 1),
(388, 0, 'اسپرت۱۵کد ۱۰۵۵', 3, 0, '', '', 1),
(389, 0, 'اسپرت۱۵کد ۱۰۲۷', 3, 0, '', '', 1),
(390, 0, 'اسپرت۱۵کد۹۹۹', 3, 0, '', '', 1),
(391, 0, 'اسپرت۱۵کد۵۹۶', 3, 0, '', '', 1),
(392, 0, 'اسپرت۱۵کد۱۰۱۹', 3, 0, '', '', 1),
(393, 0, 'اسپرت۱۴کد۵۹۶', 2, 0, '', '', 1),
(394, 0, 'اسپرت۱۳کد ۵۹۶', 1, 0, '', '', 1),
(395, 1, 'اسپرت۱۳کد ۱۰۰۸۰', 1, 0, '', '', 1),
(396, 0, 'اسپرت۱۳کد۱۰۲۷', 1, 0, '', '', 1),
(397, 0, 'اسپرت۱۳کد۱۹۳', 1, 0, '', '', 1),
(398, 0, 'اسپرت۱۴کد۱۰۶۶', 2, 0, '', '', 1),
(399, 0, 'اسپرت۱۵کد ۱۰۶۵', 3, 0, '', '', 1),
(400, 0, 'اسپرت۱۵کد ۱۰۵۲', 3, 0, '', '', 1),
(401, 1, 'اسپرت۱۳کد۲۴۷', 1, 0, '', '', 1),
(402, 1, 'فابریک۱۵کد اریو', 3, 0, '', '', 1),
(403, 0, 'اسپرت۱۵کد۷۲۳', 3, 0, '', '', 1),
(404, 0, 'اسپرت۱۵کد۸۷۰ دودی', 3, 0, '', '', 1),
(405, 0, 'اسپرت۱۵کد۸۷۰ نقره‌ای', 3, 0, '', '', 1),
(406, 1, 'فابریک ۱۶کد۰۳۰', 4, 0, '', '', 1),
(407, 0, 'اسپرت۱۶کد۳۱۳۶', 4, 0, '', '', 1),
(408, 0, 'اسپرت۱۵کد۱۰۹۷', 3, 0, '', '', 1),
(409, 0, 'اسپرت۱۵کد۵۷۲', 3, 0, '', '', 1),
(410, 0, 'اسپرت۱۵کد۷۰۵', 3, 0, '', '', 1),
(411, 0, 'فابریک۱۴کد۴۱۰ یازده پر', 2, 0, '', '', 1),
(412, 1, 'فابریک۱۵کدال زدچیني', 3, 0, '', '', 1),
(413, 0, 'فابریک۱۵کد۰۰۴', 3, 0, '', '', 1),
(414, 0, 'اسپرت۱۵کد۱۲۵۷', 3, 0, '', '', 1),
(415, 0, 'اسپرت۱۵کد۴۷۴', 3, 0, '', '', 1),
(416, 0, 'اسپرت۱۶کد۸۰۳', 4, 0, '', '', 1),
(417, 0, 'اسپرت۱۵کد۱۶۰۲', 3, 0, '', '', 1),
(418, 0, 'اسپرت۱۶کد۲۱۵', 4, 0, '', '', 1),
(419, 1, 'فابریک۱۵کد۰۱۵چیني', 3, 0, '', '', 1),
(420, 1, 'اسپرت۱۵کد۵۱۳۷', 3, 0, '', '', 1),
(421, 1, 'اسپرت۱۵کد۴۷۹', 3, 0, '', '', 1),
(422, 1, 'اسپرت۱۵کد۱۰۷۰', 3, 0, '', '', 1),
(423, 1, 'فابریک۱۴مدل۲۰۷فرانسه', 2, 0, '', '', 0),
(424, 1, 'فابریک ۱۴کد۰۲۵', 2, 0, '', '', 0),
(425, 1, 'فابریک۱۴کدنیر،صلیبی', 2, 0, '', '', 0),
(426, 0, 'فابریک۱۴کد۲۱۲،کوئیک', 2, 0, '', '', 1),
(427, 1, 'فابریک ۱۴کد۰۲۶', 2, 0, '', '', 0),
(428, 0, 'فابریک۱۵کد ال‌زد', 3, 0, '', '', 1),
(429, 0, 'فابریک۱۵کد،h300برلیانس', 3, 0, '', '', 1),
(430, 0, 'فابریک۱۵کد ۰۲۹،سورن،دنا ', 3, 0, '', '', 0),
(431, 1, 'اسپرت۱۶کد ۰۳۰،jak3', 4, 0, '', '', 0),
(432, 0, 'فابریک۱۶کد۰۱۱،کاپرا', 4, 0, '', '', 0),
(433, 1, 'فابریک۱۶کد۰۱۰،مزدانیو', 4, 0, '', '', 0),
(434, 0, 'اسپرت۱۶کد۷۰۵', 4, 0, '', '', 1),
(435, 0, 'اسپرت۱۶کد۲۱۵', 4, 0, '', '', 1),
(436, 0, 'فابریک۱۵کد ۰۱۴رخ مشکی', 3, 0, '', '', 0),
(437, 0, 'فابریک۱۴کد۰۱۷رخ‌مشکی', 2, 0, '', '', 0),
(438, 0, 'فابریک ۱۵کد۰۱۴دودی', 3, 0, '', '', 0),
(439, 0, 'فابریک۱۵کد ۰۰۴ دودی', 3, 0, '', '', 0),
(440, 1, 'فابریک۱۴کد۰۲۵ دودی', 2, 0, '', '', 0),
(441, 0, 'فابریک۱۴کد۰۱۷دودی', 2, 0, '', '', 0),
(442, 0, 'فابریک۱۵کد ۰۱۴دودی رخ‌تراش', 3, 0, '', '', 0),
(443, 0, 'فابریک۱۴کد۰۲۵رخ‌تراش', 2, 0, '', '', 1),
(444, 1, 'چسب ۵۰ گرمی تیوبی', 6, 0, '', '', 0),
(445, 1, 'چسب ۵۰گرمی تیوبیBI', 6, 0, '', '', 0),
(446, 1, 'وصله اپارات تیوپ ۵۰۰گرم', 6, 0, '', '', 0),
(447, 1, 'وصله تایری رادیال ۱۱۵', 6, 0, '', '', 0),
(448, 1, 'وصله تایری رادیال ۱۲۰', 6, 0, '', '', 0),
(449, 1, 'وصله تایری رادیال ۱۲۵', 6, 0, '', '', 0),
(450, 1, 'وصله تایری رادیال ۱۳۵', 6, 0, '', '', 0),
(451, 1, 'وصله تایری شماره ۳', 6, 0, '', '', 0),
(452, 1, 'وصله تایری شماره ۴', 6, 0, '', '', 0),
(453, 1, 'وصله تایری شماره ۵', 6, 0, '', '', 0),
(454, 1, 'رینگ ۱۷/۵کادوس ', 7, 0, '', '', 0),
(455, 0, 'فابریک۱۵کد ۱۵پر', 3, 0, '', '', 1),
(456, 0, 'فابریک۱۴کد۰۸۱مشکی', 2, 0, '', '', 1),
(457, 1, 'فابریک۱۵کد۰۰۴ دودی', 3, 0, '', '', 1),
(458, 0, 'فابریک۱۵کد ۰۰۱دودی', 3, 0, '', '', 0),
(459, 0, 'فابریک۱۵کد۰۴۱‌طلیبی رخ‌تراش', 3, 0, '', '', 0),
(460, 0, 'فابریک۱۴کد ۰۱۸اروند دودی', 2, 0, '', '', 0),
(461, 0, 'رینگ فابریک۱۴کد ۰۰۹ رخ مشکی', 2, 0, '', '', 0),
(462, 0, 'رینگ فابریک۱۵کد ۰۱۶ دودی', 3, 0, '', '', 0),
(463, 1, 'رینگ فابریک۱۵کد ال‌زد', 3, 0, '', '', 0),
(464, 1, 'رینگ۱۵کد۰۰۴رخ‌دودی', 3, 0, '', '', 0),
(465, 1, 'رینگ فابریک۱۵ مدل اریو', 3, 0, '', '', 0),
(466, 0, 'رینگ فابریک۱۵مدل ۷پر', 3, 0, '', '', 1),
(467, 0, 'رینگ اسپرت۱۵کد ۱۳۰۰', 3, 0, '', '', 1),
(468, 0, 'رینگ اسپرت۱۵کد ۸۳۸', 3, 0, '', '', 1),
(469, 0, 'رینگ فابریک۱۵مدل لیفان', 3, 0, '', '', 1),
(470, 0, 'رینگ‌فابریک۱۴کد۰۲۵رخ‌دودی ', 2, 0, '', '', 0),
(471, 0, 'رینگ فابریک۱۴کد ۲۰۷دودی ', 2, 0, '', '', 1),
(472, 1, 'رینگ فابریک۱۴کد ۰۰۵', 2, 0, '', '', 0),
(473, 0, 'رینگ‌فابریک۱۵کد۰۴۱رخ‌مشکی', 3, 0, '', '', 1),
(474, 0, 'رینگ‌فابریک۱۵کد۰۴۱دودی', 3, 0, '', '', 0),
(475, 0, 'اسپرت۱۵ کد۰۰۸', 3, 0, '', '', 1),
(476, 0, 'اسپرت۱۴کد ۰۰۸تیبا', 2, 0, '', '', 1),
(477, 0, 'رینگ اسپرت ۱۵کد۰۰۶', 3, 0, '', '', 0),
(478, 0, 'رینگ اسپرت ۱۵کد۰۰۷', 3, 0, '', '', 1),
(479, 1, 'فابریک ۱۶کد دانگ فنگ', 4, 0, '', '', 0),
(480, 1, 'فابریک ۱۶ کد دانگ فنگ ', 4, 0, '', '', 0),
(481, 1, 'فابریک ۱۳کد۰۰۲', 1, 0, '', '', 0),
(482, 0, 'اسپرت۱۳کد۰۰۷ اروند چرخ', 1, 0, '', '', 1),
(483, 0, 'رینگ فابریک۱۳کد۰۰۷', 1, 0, '', '', 0),
(484, 0, 'رینگ فابریک۱۴کد ۰۰۹رخ‌دودی', 2, 0, '', '', 0),
(485, 0, 'فابریک۱۵کد۰۴۱رخ تراش نقره ', 3, 0, '', '', 0),
(486, 1, 'اسپرت۱۴کد۰۰۸تیبایی', 2, 0, '', '', 0),
(487, 1, 'اسپرت۱۴کد۰۰۸پژویی', 2, 0, '', '', 0),
(488, 1, 'فابریک ۱۴کد۰۲۶ دودی', 2, 0, '', '', 0),
(489, 1, 'فابریک۱۵کد۰۴۱نقره‌ای‌اروند', 3, 0, '', '', 0),
(490, 0, 'اسپرت۱۴تیباکد۰۰۸دودی', 2, 0, '', '', 0),
(491, 0, 'اسپرت۱۴پژوکد۰۰۸دودی', 2, 0, '', '', 1),
(492, 0, 'فابریک۱۶کد۰۳۲پژو۲۰۰۸', 4, 0, '', '', 0),
(493, 0, 'اسپرت۱۵کد۰۰۶رخ دودی', 3, 0, '', '', 0),
(494, 0, 'فابریک۱۳کد۰۰۷رخ دودی', 1, 0, '', '', 0),
(495, 0, 'فابریک۱۳کد۰۰۷رخ م', 1, 0, '', '', 1),
(496, 0, 'اسپرت۱۴کد۰۴۲', 2, 0, '', '', 1),
(497, 0, 'فابریک۱۴کد ۰۱۷رخ‌دودی', 2, 0, '', '', 0),
(498, 1, 'سرب۱۰گرم ترکیه NGCT', 6, 0, '', '', 0),
(499, 1, 'سرب۱۵گرم ترکیهNGCT', 6, 0, '', '', 0),
(500, 1, 'سرب۲۰گرم ترکیه NGCT', 6, 0, '', '', 0),
(501, 1, 'سرب۲۵گرم ترکیه NGCT', 6, 0, '', '', 0),
(502, 1, 'سرب۲۰گرم ترکیه NGST', 6, 0, '', '', 0),
(503, 1, 'سرب۳۵ گرم ترکیه NGCT', 6, 0, '', '', 0),
(504, 1, 'سرب۴۰ گرم ترکیهNGCT', 6, 0, '', '', 0),
(505, 1, 'سرب ۴۵گرم ترکیه NGST', 6, 0, '', '', 0),
(506, 1, 'سرب۵۰ گرم ترکیه NGST', 6, 0, '', '', 0),
(507, 1, 'سرب۵۵ گرم ترکیه NGST', 6, 0, '', '', 0),
(508, 1, 'سرب۶۰ گرم ترکیه NGST', 6, 0, '', '', 0),
(509, 1, 'سرب۶۵ گرم ترکیه NGST', 6, 0, '', '', 0),
(510, 1, 'سرب۵ تا ۳۵گرم ترکیه NGCT', 6, 0, '', '', 0),
(511, 1, 'سرب۵تا ۶۵گرم ترکیه NGCT', 6, 0, '', '', 0),
(512, 1, 'سرب ۵تا۱۰۰ گرم ترکیه NGCT', 6, 0, '', '', 0),
(513, 1, 'سرب چسبی zx ', 6, 0, '', '', 0),
(514, 1, 'قفل چرخ پراید پژو ریووتیبا ال‌نود', 6, 0, '', '', 0),
(515, 0, 'اسپرت۱۵کد۰۰۷رخ‌مشکی', 3, 0, '', '', 0),
(516, 0, 'اسپرت۱۵کد۰۰۷رخ‌دودی', 3, 0, '', '', 0),
(517, 0, 'اسپرت۱۵کد۰۰۶رخ‌مشکی', 3, 0, '', '', 1),
(518, 0, 'اسپرت۱۵کد۰۰۶رخ‌دودی', 3, 0, '', '', 1),
(519, 0, 'اسپرت۱۵کد ۰۰۴رخ مشکی', 3, 0, '', '', 1),
(520, 0, 'فابریک۱۵کد۰۴۱', 3, 0, '', '', 1),
(521, 1, 'اسپرت۱۵کد ۰۴۱رخ‌مشکی', 3, 0, '', '', 0),
(522, 0, 'فابریک۱۵کد۰۴۱رخ‌نقره ای', 3, 0, '', '', 1),
(523, 1, 'فابریک۱۵کد۰۰۴رخ نقره', 3, 0, '', '', 0),
(524, 0, 'فابریک۱۴کد ۰۴۲رخ‌مشکی', 2, 0, '', '', 0),
(525, 0, 'فابریک۱۴کد ۰۴۲رخ‌نقره‌ای', 2, 0, '', '', 0),
(526, 1, 'فابریک۱۴کد ۰۴۲اروندچرخ', 2, 0, '', '', 0),
(527, 0, 'فابریک۱۴کد ۰۰۹رخ‌مشکی', 2, 0, '', '', 1),
(528, 0, 'فابریک۱۴تیبا۰۰۸', 2, 0, '', '', 0),
(529, 0, 'فابریک۱۴کد ۰۰۸نقره پژو', 2, 0, '', '', 0),
(530, 0, 'فابریک۱۴کد۰۲۵رخ‌ مشکی', 2, 0, '', '', 0),
(531, 0, 'فابریک۱۴کد ۰۲۵رخ‌دودی', 2, 0, '', '', 1),
(532, 0, 'فابریک۱۳کد۰۰۷رخ مشکی', 1, 0, '', '', 0),
(533, 0, 'اسپرت۱۵کد۰۰۶نقره‌ای', 3, 0, '', '', 0),
(534, 0, 'اسپرت۱۵کد۰۰۷نقره ', 3, 0, '', '', 0),
(535, 1, 'اسپرت۱۴کد ۰۰۸رخ‌دودی', 2, 0, '', '', 0),
(536, 1, 'مهره قفلی ریووتیبا', 6, 0, '', '', 0),
(537, 1, 'قفل رینگ واشردار پژو', 6, 0, '', '', 0);

--
-- Indexes for dumped tables
--

--
-- Indexes for table `category`
--
ALTER TABLE `category`
  ADD PRIMARY KEY (`ID`);

--
-- Indexes for table `gallery`
--
ALTER TABLE `gallery`
  ADD PRIMARY KEY (`ID`);

--
-- Indexes for table `groups`
--
ALTER TABLE `groups`
  ADD PRIMARY KEY (`ID`);

--
-- Indexes for table `images`
--
ALTER TABLE `images`
  ADD PRIMARY KEY (`ID`);

--
-- Indexes for table `message`
--
ALTER TABLE `message`
  ADD PRIMARY KEY (`ID`);

--
-- Indexes for table `products`
--
ALTER TABLE `products`
  ADD PRIMARY KEY (`ID`);

--
-- AUTO_INCREMENT for dumped tables
--

--
-- AUTO_INCREMENT for table `category`
--
ALTER TABLE `category`
  MODIFY `ID` int(11) NOT NULL AUTO_INCREMENT, AUTO_INCREMENT=13;

--
-- AUTO_INCREMENT for table `gallery`
--
ALTER TABLE `gallery`
  MODIFY `ID` int(11) NOT NULL AUTO_INCREMENT, AUTO_INCREMENT=2001;

--
-- AUTO_INCREMENT for table `groups`
--
ALTER TABLE `groups`
  MODIFY `ID` int(11) NOT NULL AUTO_INCREMENT, AUTO_INCREMENT=9;

--
-- AUTO_INCREMENT for table `images`
--
ALTER TABLE `images`
  MODIFY `ID` int(11) NOT NULL AUTO_INCREMENT, AUTO_INCREMENT=818;

--
-- AUTO_INCREMENT for table `message`
--
ALTER TABLE `message`
  MODIFY `ID` int(11) NOT NULL AUTO_INCREMENT, AUTO_INCREMENT=2;

--
-- AUTO_INCREMENT for table `products`
--
ALTER TABLE `products`
  MODIFY `ID` int(11) NOT NULL AUTO_INCREMENT, AUTO_INCREMENT=538;
COMMIT;

/*!40101 SET CHARACTER_SET_CLIENT=@OLD_CHARACTER_SET_CLIENT */;
/*!40101 SET CHARACTER_SET_RESULTS=@OLD_CHARACTER_SET_RESULTS */;
/*!40101 SET COLLATION_CONNECTION=@OLD_COLLATION_CONNECTION */;
